Opponent,IsHome,DortmundGoals,OpponentGoals,DortmundElo,OpponentElo,DortmundForm5,OpponentForm5,MatchDate,H2H_Games,H2H_DortmundWins,H2H_Draws,H2H_DortmundLosses,H2H_AvgGoalsFor,H2H_AvgGoalsAgainst
Hansa Rostock,1,1.0,0.0,1646.19,1631.68,0.0,0.0,2000-08-11,0.0,0.0,0.0,0.0,0.0,0.0
Cottbus,0,4.0,1.0,1653.11,1544.6,15.0,0.0,2000-08-18,0.0,0.0,0.0,0.0,0.0,0.0
Munich 1860,1,2.0,3.0,1662.97,1671.26,15.0,10.0,2000-09-06,0.0,0.0,0.0,0.0,0.0,0.0
Werder Bremen,0,2.0,1.0,1662.97,1679.58,10.0,5.0,2000-09-09,0.0,0.0,0.0,0.0,0.0,0.0
Hamburg,0,3.0,2.0,1661.71,1717.8,11.0,9.0,2000-09-16,0.0,0.0,0.0,0.0,0.0,0.0
Schalke 04,1,0.0,4.0,1661.71,1656.3,12.0,11.0,2000-09-23,0.0,0.0,0.0,0.0,0.0,0.0
Ein Frankfurt,0,1.0,1.0,1661.71,1633.34,9.0,7.0,2000-09-29,0.0,0.0,0.0,0.0,0.0,0.0
Freiburg,1,1.0,0.0,1649.11,1622.41,7.0,5.0,2000-10-13,0.0,0.0,0.0,0.0,0.0,0.0
Leverkusen,0,0.0,2.0,1653.94,1766.69,10.0,6.0,2000-10-21,0.0,0.0,0.0,0.0,0.0,0.0
Kaiserslautern,1,1.0,2.0,1653.94,1662.31,7.0,10.0,2000-10-28,0.0,0.0,0.0,0.0,0.0,0.0
Bayern Munich,0,2.0,6.0,1649.9,1844.03,4.0,7.0,2000-11-04,0.0,0.0,0.0,0.0,0.0,0.0
Hertha,1,2.0,0.0,1649.9,1708.65,4.0,15.0,2000-11-10,0.0,0.0,0.0,0.0,0.0,0.0
Bochum,0,1.0,1.0,1663.95,1573.87,6.0,1.0,2000-11-19,0.0,0.0,0.0,0.0,0.0,0.0
Wolfsburg,1,2.0,1.0,1663.95,1696.58,4.0,7.0,2000-11-25,0.0,0.0,0.0,0.0,0.0,0.0
Stuttgart,0,2.0,0.0,1668.11,1658.08,7.0,4.0,2000-12-02,0.0,0.0,0.0,0.0,0.0,0.0
Unterhaching,1,3.0,0.0,1668.11,1635.45,10.0,11.0,2000-12-09,0.0,0.0,0.0,0.0,0.0,0.0
FC Koln,0,0.0,0.0,1668.11,1633.64,13.0,12.0,2000-12-13,0.0,0.0,0.0,0.0,0.0,0.0
Hansa Rostock,0,2.0,1.0,1682.93,1615.4,11.0,6.0,2000-12-16,1.0,1.0,0.0,0.0,1.0,0.0
Cottbus,1,2.0,0.0,1691.75,1554.18,13.0,6.0,2001-01-27,1.0,1.0,0.0,0.0,4.0,1.0
Munich 1860,0,0.0,1.0,1695.81,1635.18,13.0,9.0,2001-02-02,1.0,0.0,0.0,1.0,2.0,3.0
Werder Bremen,1,0.0,0.0,1695.81,1664.35,10.0,7.0,2001-02-11,1.0,1.0,0.0,0.0,2.0,1.0
Hamburg,1,4.0,2.0,1685.59,1664.65,8.0,3.0,2001-02-17,1.0,1.0,0.0,0.0,3.0,2.0
Schalke 04,0,0.0,0.0,1685.59,1705.14,10.0,7.0,2001-02-24,1.0,0.0,0.0,1.0,0.0,4.0
Ein Frankfurt,1,6.0,1.0,1702.05,1607.91,8.0,7.0,2001-03-02,1.0,0.0,1.0,0.0,1.0,1.0
Freiburg,0,2.0,2.0,1702.05,1661.3,8.0,7.0,2001-03-10,1.0,1.0,0.0,0.0,1.0,0.0
Leverkusen,1,1.0,3.0,1710.35,1749.31,9.0,6.0,2001-03-17,1.0,0.0,0.0,1.0,0.0,2.0
Kaiserslautern,0,4.0,1.0,1702.1,1750.99,8.0,12.0,2001-04-01,1.0,0.0,0.0,1.0,1.0,2.0
Bayern Munich,1,1.0,1.0,1702.1,1837.83,8.0,7.0,2001-04-07,1.0,0.0,0.0,1.0,2.0,6.0
Hertha,0,0.0,1.0,1702.1,1681.96,8.0,9.0,2001-04-14,1.0,1.0,0.0,0.0,2.0,0.0
Bochum,1,5.0,0.0,1723.76,1567.97,5.0,6.0,2001-04-20,1.0,0.0,1.0,0.0,1.0,1.0
Wolfsburg,0,1.0,1.0,1723.76,1705.29,7.0,8.0,2001-04-27,1.0,1.0,0.0,0.0,2.0,1.0
Stuttgart,1,0.0,0.0,1726.58,1649.08,8.0,7.0,2001-05-04,1.0,1.0,0.0,0.0,2.0,0.0
Unterhaching,0,4.0,1.0,1726.58,1613.67,6.0,6.0,2001-05-12,1.0,1.0,0.0,0.0,3.0,0.0
FC Koln,1,3.0,3.0,1742.53,1660.73,8.0,4.0,2001-05-19,1.0,0.0,1.0,0.0,0.0,0.0
Nurnberg,1,2.0,0.0,1738.22,1603.05,9.0,9.0,2001-07-28,0.0,0.0,0.0,0.0,0.0,0.0
Hertha,0,2.0,0.0,1742.59,1694.0,9.0,8.0,2001-08-04,2.0,1.0,0.0,1.0,1.0,0.5
Wolfsburg,1,4.0,0.0,1742.59,1697.59,11.0,4.0,2001-08-11,2.0,1.0,1.0,0.0,1.5,1.0
Hansa Rostock,0,2.0,0.0,1778.28,1639.69,13.0,7.0,2001-08-18,2.0,2.0,0.0,0.0,1.5,0.5
Bayern Munich,1,0.0,2.0,1794.69,1889.44,13.0,8.0,2001-09-08,2.0,0.0,1.0,1.0,1.5,3.5
Schalke 04,0,0.0,1.0,1781.23,1747.19,12.0,8.0,2001-09-15,2.0,0.0,1.0,1.0,0.0,2.0
Leverkusen,1,1.0,1.0,1781.23,1791.38,9.0,11.0,2001-09-22,2.0,0.0,0.0,2.0,0.5,2.5
St Pauli,0,2.0,1.0,1781.23,1563.69,7.0,1.0,2001-09-29,0.0,0.0,0.0,0.0,0.0,0.0
MGladbach,0,2.0,1.0,1772.07,1650.27,7.0,5.0,2001-10-13,0.0,0.0,0.0,0.0,0.0,0.0
Freiburg,1,0.0,2.0,1778.23,1705.2,7.0,5.0,2001-10-21,2.0,1.0,1.0,0.0,1.5,1.0
Cottbus,0,2.0,0.0,1778.23,1614.81,7.0,1.0,2001-10-27,2.0,2.0,0.0,0.0,3.0,0.5
Stuttgart,1,1.0,0.0,1774.63,1697.41,10.0,9.0,2001-11-03,2.0,1.0,1.0,0.0,1.0,0.0
Munich 1860,0,3.0,1.0,1786.6,1659.72,12.0,4.0,2001-11-17,2.0,0.0,0.0,2.0,1.0,2.0
Kaiserslautern,1,3.0,0.0,1786.6,1745.18,12.0,7.0,2001-11-25,2.0,1.0,0.0,1.0,2.5,1.5
FC Koln,0,2.0,0.0,1804.53,1622.7,12.0,3.0,2001-12-01,2.0,0.0,2.0,0.0,1.5,1.5
Hamburg,1,1.0,0.0,1804.53,1667.8,15.0,4.0,2001-12-08,2.0,2.0,0.0,0.0,3.5,2.0
Werder Bremen,0,1.0,1.0,1808.19,1773.26,15.0,15.0,2001-12-15,2.0,1.0,1.0,0.0,1.0,0.5
Nurnberg,0,2.0,2.0,1808.19,1569.13,13.0,5.0,2001-12-18,1.0,1.0,0.0,0.0,2.0,0.0
Hertha,1,3.0,1.0,1805.09,1712.84,11.0,9.0,2002-01-27,3.0,2.0,0.0,1.0,1.33,0.33
Wolfsburg,0,1.0,1.0,1810.67,1709.99,11.0,10.0,2002-02-02,3.0,2.0,1.0,0.0,2.33,0.67
Hansa Rostock,1,2.0,0.0,1810.67,1626.38,9.0,9.0,2002-02-06,3.0,3.0,0.0,0.0,1.67,0.33
Bayern Munich,0,1.0,1.0,1810.67,1860.5,9.0,4.0,2002-02-09,3.0,0.0,1.0,2.0,1.0,3.0
Schalke 04,1,1.0,1.0,1817.31,1790.91,9.0,15.0,2002-02-16,3.0,0.0,1.0,2.0,0.0,1.67
Leverkusen,0,0.0,4.0,1817.31,1802.55,9.0,7.0,2002-02-24,3.0,0.0,1.0,2.0,0.67,2.0
St Pauli,1,1.0,1.0,1806.48,1567.76,6.0,5.0,2002-03-03,1.0,1.0,0.0,0.0,2.0,1.0
MGladbach,1,3.0,1.0,1806.48,1628.72,6.0,10.0,2002-03-09,1.0,1.0,0.0,0.0,2.0,1.0
Freiburg,0,5.0,1.0,1808.82,1657.23,6.0,1.0,2002-03-17,3.0,1.0,1.0,1.0,1.0,1.33
Cottbus,1,3.0,0.0,1808.82,1607.04,8.0,9.0,2002-03-24,3.0,3.0,0.0,0.0,2.67,0.33
Stuttgart,0,2.0,3.0,1808.82,1687.51,10.0,4.0,2002-03-30,3.0,2.0,1.0,0.0,1.0,0.0
Munich 1860,1,2.0,1.0,1837.75,1695.41,10.0,6.0,2002-04-07,3.0,1.0,0.0,2.0,1.67,1.67
Kaiserslautern,0,0.0,1.0,1837.75,1721.34,12.0,2.0,2002-04-14,3.0,2.0,0.0,1.0,2.67,1.0
FC Koln,1,2.0,1.0,1854.47,1599.32,9.0,7.0,2002-04-20,3.0,1.0,2.0,0.0,1.67,1.0
Hamburg,0,4.0,3.0,1854.47,1693.41,9.0,6.0,2002-04-27,3.0,3.0,0.0,0.0,2.67,1.33
Werder Bremen,1,2.0,1.0,1856.56,1771.9,9.0,13.0,2002-05-04,3.0,1.0,2.0,0.0,1.0,0.67
Hertha,1,2.0,2.0,1842.21,1780.15,12.0,9.0,2002-08-09,4.0,3.0,0.0,1.0,1.75,0.5
Leverkusen,0,1.0,1.0,1838.98,1856.21,10.0,5.0,2002-08-17,4.0,0.0,1.0,3.0,0.5,2.5
Stuttgart,1,3.0,1.0,1838.98,1720.76,11.0,7.0,2002-08-24,4.0,2.0,1.0,1.0,1.25,0.75
Bochum,0,0.0,0.0,1846.83,1677.63,11.0,15.0,2002-09-10,2.0,1.0,1.0,0.0,3.0,0.5
Schalke 04,1,1.0,1.0,1846.83,1799.67,9.0,8.0,2002-09-14,4.0,0.0,2.0,2.0,0.25,1.5
Hansa Rostock,0,1.0,0.0,1844.72,1657.26,7.0,12.0,2002-09-21,4.0,4.0,0.0,0.0,1.75,0.25
MGladbach,1,1.0,0.0,1844.72,1676.03,9.0,7.0,2002-09-28,2.0,2.0,0.0,0.0,2.5,1.0
Hannover,0,3.0,0.0,1833.82,1648.57,11.0,7.0,2002-10-05,0.0,0.0,0.0,0.0,0.0,0.0
Bielefeld,1,0.0,0.0,1861.15,1644.15,11.0,4.0,2002-10-19,0.0,0.0,0.0,0.0,0.0,0.0
Werder Bremen,0,4.0,1.0,1861.15,1763.56,11.0,11.0,2002-10-26,4.0,2.0,2.0,0.0,1.25,0.75
Hamburg,1,1.0,1.0,1867.42,1673.43,13.0,6.0,2002-11-02,4.0,4.0,0.0,0.0,3.0,1.75
Bayern Munich,0,1.0,2.0,1867.42,1861.14,11.0,7.0,2002-11-09,4.0,0.0,2.0,2.0,1.0,2.5
Munich 1860,1,1.0,0.0,1840.8,1721.65,8.0,9.0,2002-11-16,4.0,2.0,0.0,2.0,1.75,1.5
Wolfsburg,0,0.0,2.0,1840.8,1704.24,8.0,6.0,2002-11-23,4.0,2.0,2.0,0.0,2.0,0.75
Nurnberg,0,2.0,1.0,1840.8,1623.3,7.0,8.0,2002-11-30,2.0,1.0,1.0,0.0,2.0,1.0
Kaiserslautern,1,3.0,1.0,1840.08,1643.6,7.0,3.0,2002-12-07,4.0,2.0,0.0,2.0,2.0,1.0
Cottbus,0,4.0,0.0,1840.08,1562.91,9.0,5.0,2002-12-14,4.0,4.0,0.0,0.0,2.75,0.25
Hertha,0,1.0,2.0,1828.46,1736.94,12.0,4.0,2003-01-25,5.0,3.0,1.0,1.0,1.8,0.8
Leverkusen,1,2.0,0.0,1819.98,1719.51,9.0,4.0,2003-02-02,5.0,0.0,2.0,3.0,0.6,2.2
Schalke 04,0,2.0,2.0,1817.58,1741.05,12.0,6.0,2003-02-22,5.0,0.0,3.0,2.0,0.4,1.4
Hansa Rostock,1,2.0,0.0,1804.1,1610.2,10.0,6.0,2003-03-01,5.0,5.0,0.0,0.0,1.6,0.2
MGladbach,0,0.0,1.0,1804.1,1601.1,10.0,1.0,2003-03-08,3.0,3.0,0.0,0.0,2.0,0.67
Hannover,1,2.0,0.0,1800.67,1625.0,7.0,13.0,2003-03-15,1.0,1.0,0.0,0.0,3.0,0.0
Bielefeld,0,0.0,0.0,1800.67,1633.97,10.0,6.0,2003-03-22,1.0,0.0,1.0,0.0,0.0,0.0
Werder Bremen,1,1.0,2.0,1814.35,1667.79,8.0,3.0,2003-04-05,5.0,3.0,2.0,0.0,1.8,0.8
Hamburg,0,1.0,1.0,1814.35,1691.58,7.0,10.0,2003-04-12,5.0,4.0,1.0,0.0,2.6,1.6
Bayern Munich,1,1.0,0.0,1800.32,1852.07,5.0,10.0,2003-04-19,5.0,0.0,2.0,3.0,1.0,2.4
Munich 1860,0,0.0,0.0,1800.32,1660.51,8.0,5.0,2003-04-26,5.0,3.0,0.0,2.0,1.6,1.2
Wolfsburg,1,2.0,2.0,1805.81,1666.45,6.0,9.0,2003-05-03,5.0,2.0,2.0,1.0,1.6,1.0
Nurnberg,1,4.0,1.0,1805.81,1570.26,6.0,2.0,2003-05-10,3.0,2.0,1.0,0.0,2.0,1.0
Kaiserslautern,0,0.0,0.0,1803.69,1677.96,9.0,7.0,2003-05-17,5.0,3.0,0.0,2.0,2.2,1.0
Cottbus,1,1.0,1.0,1803.69,1558.22,9.0,6.0,2003-05-24,5.0,5.0,0.0,0.0,3.0,0.2
Schalke 04,0,2.0,2.0,1795.06,1695.44,7.0,3.0,2003-08-02,6.0,0.0,4.0,2.0,0.67,1.5
Wolfsburg,1,4.0,0.0,1795.06,1672.79,7.0,8.0,2003-08-09,6.0,2.0,3.0,1.0,1.67,1.17
Stuttgart,0,0.0,1.0,1792.49,1742.0,9.0,9.0,2003-09-20,5.0,3.0,1.0,1.0,1.6,0.8
Freiburg,1,1.0,0.0,1792.49,1620.69,6.0,10.0,2003-09-27,4.0,2.0,1.0,1.0,2.0,1.25
Ein Frankfurt,0,1.0,0.0,1784.9,1576.29,8.0,2.0,2003-10-04,2.0,1.0,1.0,0.0,3.5,1.0
Hannover,1,6.0,2.0,1792.92,1655.7,10.0,7.0,2003-10-18,2.0,2.0,0.0,0.0,2.5,0.0
Bochum,0,0.0,3.0,1792.92,1666.4,12.0,8.0,2003-10-26,3.0,1.0,2.0,0.0,2.0,0.33
MGladbach,0,1.0,2.0,1718.81,1596.59,9.0,2.0,2003-12-14,4.0,3.0,0.0,1.0,1.5,0.75
Kaiserslautern,1,1.0,1.0,1704.77,1585.23,9.0,3.0,2003-12-17,6.0,3.0,1.0,2.0,1.83,0.83
Schalke 04,1,0.0,1.0,1699.53,1668.43,7.0,11.0,2004-01-30,7.0,0.0,5.0,2.0,0.86,1.57
Wolfsburg,0,4.0,2.0,1688.68,1643.38,4.0,7.0,2004-02-07,7.0,3.0,3.0,1.0,2.0,1.0
Werder Bremen,0,0.0,2.0,1701.21,1767.52,4.0,13.0,2004-02-28,6.0,3.0,2.0,1.0,1.67,1.0
Stuttgart,1,0.0,2.0,1704.74,1728.51,4.0,4.0,2004-03-06,6.0,3.0,1.0,2.0,1.33,0.83
Freiburg,0,2.0,2.0,1704.74,1578.27,4.0,6.0,2004-03-13,5.0,3.0,1.0,1.0,1.8,1.0
Ein Frankfurt,1,2.0,0.0,1688.77,1583.59,4.0,10.0,2004-03-20,3.0,2.0,1.0,0.0,2.67,0.67
Hannover,0,1.0,1.0,1688.77,1577.35,7.0,1.0,2004-03-27,3.0,3.0,0.0,0.0,3.67,0.67
Bochum,1,4.0,1.0,1693.27,1676.58,5.0,8.0,2004-04-04,4.0,1.0,2.0,1.0,1.5,1.0
Hamburg,0,2.0,0.0,1693.27,1640.52,8.0,6.0,2004-04-10,6.0,4.0,2.0,0.0,2.33,1.5
Bayern Munich,1,2.0,0.0,1714.61,1832.84,11.0,11.0,2004-04-17,6.0,1.0,2.0,3.0,1.0,2.0
Leverkusen,0,0.0,3.0,1714.61,1691.47,13.0,13.0,2004-04-24,6.0,1.0,2.0,3.0,0.83,1.83
Hansa Rostock,1,4.0,1.0,1715.78,1624.41,10.0,7.0,2004-05-01,6.0,6.0,0.0,0.0,1.67,0.17
Wolfsburg,1,1.0,2.0,1709.16,1610.59,12.0,7.0,2004-08-07,8.0,4.0,3.0,1.0,2.25,1.12
MGladbach,0,3.0,2.0,1709.16,1606.32,9.0,8.0,2004-08-14,5.0,3.0,0.0,2.0,1.4,1.0
Hannover,1,1.0,1.0,1708.6,1592.26,9.0,7.0,2004-08-29,4.0,3.0,1.0,0.0,3.0,0.75
Bochum,0,2.0,2.0,1702.84,1697.84,7.0,9.0,2004-09-11,5.0,2.0,2.0,1.0,2.0,1.0
Bayern Munich,1,2.0,2.0,1705.21,1796.92,8.0,10.0,2004-09-18,7.0,2.0,2.0,3.0,1.14,1.71
Mainz,0,1.0,1.0,1705.21,1572.23,6.0,8.0,2004-09-26,0.0,0.0,0.0,0.0,0.0,0.0
Nurnberg,1,2.0,2.0,1711.29,1565.77,7.0,3.0,2004-10-02,4.0,3.0,1.0,0.0,2.5,1.0
Stuttgart,0,0.0,2.0,1705.31,1794.7,5.0,13.0,2004-10-16,7.0,3.0,1.0,3.0,1.14,1.0
Hamburg,1,0.0,2.0,1705.31,1627.43,4.0,3.0,2004-10-23,7.0,5.0,2.0,0.0,2.29,1.29
Hertha,0,1.0,0.0,1705.31,1647.4,3.0,7.0,2004-10-26,6.0,3.0,1.0,2.0,1.67,1.0
Leverkusen,1,1.0,0.0,1705.31,1760.01,5.0,7.0,2004-10-30,7.0,1.0,2.0,4.0,0.71,2.0
Bielefeld,0,0.0,1.0,1707.99,1579.23,7.0,6.0,2004-11-06,2.0,0.0,2.0,0.0,0.0,0.0
Kaiserslautern,0,0.0,1.0,1707.99,1570.86,6.0,5.0,2004-11-13,7.0,3.0,2.0,2.0,1.71,0.86
Freiburg,1,2.0,0.0,1694.7,1557.01,6.0,3.0,2004-11-20,6.0,3.0,2.0,1.0,1.83,1.17
Werder Bremen,0,0.0,2.0,1694.7,1799.11,9.0,6.0,2004-11-27,7.0,3.0,2.0,2.0,1.43,1.14
Schalke 04,1,0.0,1.0,1692.84,1729.01,6.0,12.0,2004-12-05,8.0,0.0,5.0,3.0,0.75,1.5
Hansa Rostock,0,1.0,1.0,1692.84,1565.21,3.0,2.0,2004-12-11,7.0,7.0,0.0,0.0,2.0,0.29
Wolfsburg,0,2.0,1.0,1696.9,1678.44,4.0,6.0,2005-01-22,9.0,4.0,3.0,2.0,2.11,1.22
MGladbach,1,1.0,1.0,1696.9,1622.53,7.0,4.0,2005-01-29,6.0,4.0,0.0,2.0,1.67,1.17
Hannover,0,3.0,1.0,1702.36,1680.12,5.0,7.0,2005-02-05,5.0,3.0,2.0,0.0,2.6,0.8
Bochum,1,1.0,0.0,1702.36,1637.47,8.0,2.0,2005-02-12,6.0,2.0,3.0,1.0,2.0,1.17
Bayern Munich,0,0.0,5.0,1716.7,1847.24,11.0,8.0,2005-02-19,8.0,2.0,3.0,3.0,1.25,1.75
Mainz,1,3.0,0.0,1716.7,1582.46,10.0,1.0,2005-02-26,1.0,0.0,1.0,0.0,1.0,1.0
Nurnberg,0,2.0,2.0,1697.37,1578.52,10.0,3.0,2005-03-06,5.0,3.0,2.0,0.0,2.4,1.2
Stuttgart,1,0.0,2.0,1697.37,1733.18,10.0,8.0,2005-03-13,8.0,3.0,1.0,4.0,1.0,1.12
Hamburg,0,3.0,2.0,1677.66,1700.15,7.0,12.0,2005-03-19,8.0,5.0,2.0,1.0,2.0,1.38
Hertha,1,2.0,1.0,1688.76,1721.66,7.0,8.0,2005-04-03,7.0,4.0,1.0,2.0,1.57,0.86
Leverkusen,0,1.0,0.0,1688.76,1751.95,10.0,5.0,2005-04-09,8.0,2.0,2.0,4.0,0.75,1.75
Bielefeld,1,1.0,1.0,1704.62,1575.4,10.0,3.0,2005-04-16,3.0,0.0,2.0,1.0,0.0,0.33
Kaiserslautern,1,4.0,2.0,1704.62,1627.82,10.0,6.0,2005-04-23,8.0,3.0,2.0,3.0,1.5,0.88
Freiburg,0,2.0,2.0,1704.62,1502.18,13.0,1.0,2005-04-30,7.0,4.0,2.0,1.0,1.86,1.0
Werder Bremen,1,1.0,0.0,1701.18,1768.61,11.0,6.0,2005-05-08,8.0,3.0,2.0,3.0,1.25,1.25
Schalke 04,0,2.0,1.0,1701.18,1697.11,11.0,4.0,2005-05-14,9.0,0.0,5.0,4.0,0.67,1.44
Hansa Rostock,1,2.0,1.0,1718.72,1565.84,11.0,7.0,2005-05-21,8.0,7.0,1.0,0.0,1.88,0.38
Wolfsburg,0,2.0,2.0,1721.66,1627.69,13.0,8.0,2005-08-06,10.0,5.0,3.0,2.0,2.1,1.2
Schalke 04,1,1.0,2.0,1721.66,1702.19,11.0,10.0,2005-08-13,10.0,1.0,5.0,4.0,0.8,1.4
Duisburg,0,1.0,1.0,1709.76,1510.57,10.0,5.0,2005-08-28,0.0,0.0,0.0,0.0,0.0,0.0
FC Koln,1,2.0,1.0,1710.62,1587.18,8.0,9.0,2005-09-11,4.0,2.0,2.0,0.0,1.75,1.0
Werder Bremen,0,2.0,3.0,1713.05,1796.89,8.0,13.0,2005-09-17,9.0,4.0,2.0,3.0,1.22,1.11
Bielefeld,1,2.0,0.0,1713.05,1568.56,5.0,5.0,2005-09-20,4.0,0.0,3.0,1.0,0.25,0.5
Mainz,0,1.0,1.0,1713.05,1567.94,7.0,3.0,2005-09-24,2.0,1.0,1.0,0.0,2.0,0.5
Stuttgart,1,0.0,0.0,1698.94,1686.84,8.0,8.0,2005-10-02,9.0,3.0,1.0,5.0,0.89,1.22
Kaiserslautern,0,3.0,3.0,1696.39,1558.27,8.0,1.0,2005-10-15,9.0,4.0,2.0,3.0,1.78,1.0
Hamburg,1,1.0,1.0,1696.39,1712.83,6.0,10.0,2005-10-23,9.0,6.0,2.0,1.0,2.11,1.44
MGladbach,1,2.0,1.0,1696.39,1616.41,7.0,13.0,2005-10-29,7.0,4.0,1.0,2.0,1.57,1.14
Leverkusen,0,1.0,2.0,1712.55,1699.72,7.0,3.0,2005-11-05,9.0,3.0,2.0,4.0,0.78,1.56
Hertha,1,2.0,0.0,1703.98,1732.71,6.0,7.0,2005-11-19,8.0,5.0,1.0,2.0,1.62,0.88
Nurnberg,0,2.0,1.0,1703.98,1537.63,8.0,3.0,2005-11-26,6.0,3.0,3.0,0.0,2.33,1.33
Hannover,1,0.0,2.0,1723.2,1628.87,10.0,6.0,2005-12-03,6.0,4.0,2.0,0.0,2.67,0.83
Ein Frankfurt,0,0.0,2.0,1723.2,1598.75,9.0,8.0,2005-12-10,4.0,3.0,1.0,0.0,2.5,0.5
Bayern Munich,1,1.0,2.0,1693.9,1899.62,6.0,13.0,2005-12-17,9.0,2.0,3.0,4.0,1.11,2.11
Wolfsburg,1,3.0,2.0,1688.54,1605.95,6.0,1.0,2006-01-28,11.0,5.0,4.0,2.0,2.09,1.27
Schalke 04,0,0.0,0.0,1692.87,1759.8,6.0,12.0,2006-02-04,11.0,1.0,5.0,5.0,0.82,1.45
Duisburg,1,2.0,0.0,1692.87,1529.28,4.0,7.0,2006-02-07,1.0,0.0,1.0,0.0,1.0,1.0
FC Koln,0,0.0,0.0,1692.87,1535.53,7.0,2.0,2006-02-12,5.0,3.0,2.0,0.0,1.8,1.0
Werder Bremen,1,0.0,1.0,1700.72,1786.86,8.0,8.0,2006-02-18,10.0,4.0,2.0,4.0,1.3,1.3
Bielefeld,0,0.0,1.0,1700.72,1594.39,8.0,4.0,2006-02-25,5.0,1.0,3.0,1.0,0.6,0.4
Mainz,1,1.0,1.0,1677.18,1570.2,5.0,1.0,2006-03-04,3.0,1.0,2.0,0.0,1.67,0.67
Stuttgart,0,0.0,0.0,1677.18,1713.93,5.0,8.0,2006-03-11,10.0,3.0,2.0,5.0,0.8,1.1
Kaiserslautern,1,2.0,1.0,1662.31,1558.24,3.0,10.0,2006-03-18,10.0,4.0,3.0,3.0,1.9,1.2
Hamburg,0,4.0,2.0,1662.31,1725.68,5.0,12.0,2006-03-25,10.0,6.0,3.0,1.0,2.0,1.4
MGladbach,0,1.0,2.0,1692.22,1602.48,8.0,4.0,2006-04-01,8.0,5.0,1.0,2.0,1.62,1.12
Leverkusen,1,1.0,2.0,1692.22,1686.53,8.0,7.0,2006-04-08,10.0,3.0,2.0,5.0,0.8,1.6
Hertha,0,0.0,0.0,1673.96,1689.07,7.0,13.0,2006-04-15,9.0,6.0,1.0,2.0,1.67,0.78
Nurnberg,1,2.0,1.0,1673.96,1608.82,7.0,10.0,2006-04-22,7.0,4.0,3.0,0.0,2.29,1.29
Hannover,0,2.0,1.0,1678.08,1616.84,7.0,2.0,2006-05-02,7.0,4.0,2.0,1.0,2.29,1.0
Ein Frankfurt,1,1.0,1.0,1678.08,1595.34,7.0,5.0,2006-05-06,5.0,3.0,1.0,1.0,2.0,0.8
Bayern Munich,0,3.0,3.0,1678.08,1845.22,8.0,8.0,2006-05-13,10.0,2.0,3.0,5.0,1.1,2.1
Bayern Munich,0,0.0,2.0,1688.13,1837.67,9.0,9.0,2006-08-11,11.0,2.0,4.0,5.0,1.27,2.18
Mainz,1,1.0,1.0,1682.95,1620.88,8.0,11.0,2006-08-19,4.0,1.0,3.0,0.0,1.5,0.75
Stuttgart,0,3.0,1.0,1682.95,1640.74,6.0,6.0,2006-08-26,11.0,3.0,3.0,5.0,0.73,1.0
Hamburg,1,1.0,0.0,1694.27,1710.63,6.0,3.0,2006-09-16,11.0,7.0,3.0,1.0,2.18,1.45
MGladbach,0,0.0,1.0,1694.27,1608.07,8.0,9.0,2006-09-22,9.0,5.0,1.0,3.0,1.56,1.22
Hannover,1,2.0,2.0,1694.27,1575.61,7.0,4.0,2006-09-29,8.0,5.0,2.0,1.0,2.25,1.0
Cottbus,0,3.0,2.0,1686.19,1518.47,8.0,8.0,2006-10-15,6.0,5.0,1.0,0.0,2.67,0.33
Bochum,1,1.0,1.0,1686.19,1566.95,10.0,4.0,2006-10-20,7.0,3.0,3.0,1.0,1.86,1.0
Nurnberg,0,1.0,1.0,1686.19,1649.77,8.0,5.0,2006-10-28,8.0,5.0,3.0,0.0,2.25,1.25
Bielefeld,1,1.0,1.0,1688.4,1584.97,6.0,10.0,2006-11-04,6.0,1.0,3.0,2.0,0.5,0.5
Aachen,1,0.0,0.0,1688.4,1567.15,7.0,6.0,2006-11-07,0.0,0.0,0.0,0.0,0.0,0.0
Werder Bremen,0,3.0,1.0,1688.4,1828.51,7.0,13.0,2006-11-10,11.0,4.0,2.0,5.0,1.18,1.27
Hertha,1,1.0,2.0,1694.89,1657.2,7.0,8.0,2006-11-18,10.0,6.0,2.0,2.0,1.5,0.7
Ein Frankfurt,0,1.0,1.0,1694.89,1608.21,6.0,6.0,2006-11-25,6.0,3.0,2.0,1.0,1.83,0.83
Wolfsburg,1,1.0,0.0,1680.98,1593.79,6.0,9.0,2006-12-02,12.0,6.0,4.0,2.0,2.17,1.33
Schalke 04,0,1.0,3.0,1680.98,1750.14,8.0,13.0,2006-12-10,12.0,1.0,6.0,5.0,0.75,1.33
Leverkusen,1,1.0,2.0,1682.27,1696.78,7.0,7.0,2006-12-17,11.0,3.0,2.0,6.0,0.82,1.64
Bayern Munich,1,3.0,2.0,1672.94,1829.45,4.0,13.0,2007-01-26,12.0,2.0,4.0,6.0,1.17,2.17
Mainz,0,0.0,1.0,1672.94,1560.13,7.0,5.0,2007-01-31,5.0,1.0,4.0,0.0,1.4,0.8
Stuttgart,1,0.0,1.0,1674.2,1691.15,6.0,8.0,2007-02-04,12.0,4.0,3.0,5.0,0.92,1.0
Hamburg,0,0.0,3.0,1674.2,1637.57,3.0,4.0,2007-02-10,12.0,8.0,3.0,1.0,2.08,1.33
MGladbach,1,1.0,0.0,1652.11,1568.03,3.0,5.0,2007-02-17,10.0,5.0,1.0,4.0,1.4,1.2
Hannover,0,2.0,4.0,1652.11,1623.6,6.0,10.0,2007-02-24,9.0,5.0,3.0,1.0,2.22,1.11
Cottbus,1,2.0,3.0,1653.45,1539.78,3.0,5.0,2007-03-04,7.0,6.0,1.0,0.0,2.71,0.57
Bochum,0,0.0,2.0,1653.45,1594.49,3.0,5.0,2007-03-10,8.0,3.0,4.0,1.0,1.75,1.0
Nurnberg,1,0.0,0.0,1644.69,1694.58,3.0,7.0,2007-03-17,9.0,5.0,4.0,0.0,2.11,1.22
Bielefeld,0,0.0,1.0,1644.69,1579.49,4.0,3.0,2007-03-30,7.0,1.0,4.0,2.0,0.57,0.57
Aachen,0,4.0,1.0,1635.94,1604.7,1.0,10.0,2007-04-07,1.0,0.0,1.0,0.0,0.0,0.0
Werder Bremen,1,0.0,2.0,1645.15,1839.91,4.0,11.0,2007-04-15,12.0,5.0,2.0,5.0,1.33,1.25
Hertha,0,1.0,0.0,1645.15,1623.56,4.0,4.0,2007-04-21,11.0,6.0,2.0,3.0,1.45,0.82
Ein Frankfurt,1,2.0,0.0,1645.15,1605.89,7.0,7.0,2007-04-28,7.0,3.0,3.0,1.0,1.71,0.86
Wolfsburg,0,2.0,0.0,1649.81,1604.17,9.0,4.0,2007-05-05,13.0,7.0,4.0,2.0,2.08,1.23
Schalke 04,1,2.0,0.0,1649.81,1773.86,12.0,12.0,2007-05-12,13.0,1.0,6.0,6.0,0.77,1.46
Leverkusen,0,1.0,2.0,1673.13,1700.28,12.0,6.0,2007-05-19,12.0,3.0,2.0,7.0,0.83,1.67
Duisburg,1,1.0,3.0,1667.19,1550.38,12.0,8.0,2007-08-12,2.0,1.0,1.0,0.0,1.5,0.5
Schalke 04,0,1.0,4.0,1649.86,1767.18,9.0,7.0,2007-08-18,14.0,2.0,6.0,6.0,0.86,1.36
Cottbus,1,3.0,0.0,1649.86,1572.85,6.0,1.0,2007-08-25,8.0,6.0,1.0,1.0,2.62,0.88
Hansa Rostock,0,1.0,0.0,1653.39,1501.74,6.0,6.0,2007-09-01,9.0,8.0,1.0,0.0,1.89,0.44
Werder Bremen,1,3.0,0.0,1653.39,1796.81,6.0,10.0,2007-09-14,13.0,5.0,2.0,6.0,1.23,1.31
Hertha,0,2.0,3.0,1658.95,1633.39,9.0,9.0,2007-09-22,12.0,7.0,2.0,3.0,1.42,0.75
Hamburg,1,0.0,3.0,1658.95,1709.76,9.0,7.0,2007-09-25,13.0,8.0,3.0,2.0,1.92,1.46
Karlsruhe,0,1.0,3.0,1658.95,1569.22,9.0,9.0,2007-09-29,0.0,0.0,0.0,0.0,0.0,0.0
Bochum,1,2.0,1.0,1636.89,1647.63,6.0,2.0,2007-10-05,9.0,3.0,4.0,2.0,1.56,1.11
Leverkusen,0,2.0,2.0,1642.37,1714.64,6.0,9.0,2007-10-20,13.0,3.0,2.0,8.0,0.85,1.69
Bayern Munich,1,0.0,0.0,1642.37,1830.76,4.0,15.0,2007-10-28,13.0,3.0,4.0,6.0,1.31,2.15
Hannover,0,1.0,2.0,1651.19,1640.3,5.0,11.0,2007-11-03,10.0,5.0,3.0,2.0,2.2,1.4
Ein Frankfurt,1,1.0,1.0,1651.19,1605.89,5.0,6.0,2007-11-10,8.0,4.0,3.0,1.0,1.75,0.75
Nurnberg,0,0.0,2.0,1630.84,1598.84,6.0,3.0,2007-11-25,10.0,5.0,5.0,0.0,1.9,1.1
Stuttgart,0,2.0,1.0,1630.95,1718.72,3.0,12.0,2007-12-01,13.0,4.0,3.0,6.0,0.85,1.0
Bielefeld,1,6.0,1.0,1630.95,1571.24,5.0,4.0,2007-12-07,8.0,1.0,4.0,3.0,0.5,0.62
Wolfsburg,0,0.0,4.0,1656.11,1584.9,7.0,1.0,2007-12-15,14.0,8.0,4.0,2.0,2.07,1.14
Duisburg,0,3.0,3.0,1648.18,1533.66,7.0,4.0,2008-02-02,3.0,1.0,1.0,1.0,1.33,1.33
Schalke 04,1,2.0,3.0,1648.18,1771.37,7.0,13.0,2008-02-10,15.0,2.0,6.0,7.0,0.87,1.53
Cottbus,0,2.0,0.0,1640.66,1579.15,7.0,8.0,2008-02-16,9.0,7.0,1.0,1.0,2.67,0.78
Hansa Rostock,1,1.0,0.0,1640.66,1537.67,7.0,7.0,2008-02-23,10.0,9.0,1.0,0.0,1.8,0.4
Werder Bremen,0,0.0,2.0,1666.55,1801.56,7.0,7.0,2008-03-01,14.0,6.0,2.0,6.0,1.36,1.21
Hertha,1,1.0,1.0,1666.55,1640.73,7.0,10.0,2008-03-07,13.0,7.0,2.0,4.0,1.46,0.92
Hamburg,0,0.0,1.0,1654.68,1774.98,7.0,9.0,2008-03-15,14.0,8.0,3.0,3.0,1.79,1.57
Karlsruhe,1,1.0,1.0,1654.68,1634.38,7.0,4.0,2008-03-22,1.0,0.0,0.0,1.0,1.0,3.0
Bochum,0,3.0,3.0,1654.68,1671.09,5.0,9.0,2008-03-29,10.0,4.0,4.0,2.0,1.6,1.1
Leverkusen,1,2.0,1.0,1650.83,1766.7,3.0,6.0,2008-04-06,14.0,3.0,3.0,8.0,0.93,1.71
Bayern Munich,0,0.0,5.0,1650.83,1829.65,6.0,10.0,2008-04-13,14.0,3.0,5.0,6.0,1.21,2.0
Hannover,1,1.0,3.0,1647.47,1631.39,5.0,6.0,2008-04-16,11.0,5.0,3.0,3.0,2.09,1.45
Ein Frankfurt,0,1.0,1.0,1647.47,1648.68,5.0,6.0,2008-04-25,9.0,4.0,4.0,1.0,1.67,0.78
Nurnberg,1,0.0,0.0,1633.74,1620.65,5.0,8.0,2008-05-02,11.0,5.0,5.0,1.0,1.73,1.18
Stuttgart,1,3.0,2.0,1633.74,1715.79,5.0,9.0,2008-05-06,14.0,5.0,3.0,6.0,0.93,1.0
Bielefeld,0,2.0,2.0,1633.74,1572.8,5.0,7.0,2008-05-10,9.0,2.0,4.0,3.0,1.11,0.67
Wolfsburg,1,2.0,4.0,1629.75,1663.1,6.0,8.0,2008-05-17,15.0,8.0,4.0,3.0,1.93,1.33
Leverkusen,0,3.0,2.0,1619.3,1693.9,6.0,4.0,2008-08-16,15.0,4.0,3.0,8.0,1.0,1.67
Bayern Munich,1,1.0,1.0,1619.3,1818.02,8.0,11.0,2008-08-23,15.0,3.0,5.0,7.0,1.13,2.2
Cottbus,0,1.0,0.0,1619.3,1583.74,8.0,5.0,2008-08-30,10.0,8.0,1.0,1.0,2.6,0.7
Schalke 04,1,3.0,3.0,1635.05,1765.98,8.0,13.0,2008-09-13,16.0,2.0,6.0,8.0,0.94,1.62
Hoffenheim,0,1.0,4.0,1636.51,1530.96,8.0,10.0,2008-09-21,0.0,0.0,0.0,0.0,0.0,0.0
Stuttgart,1,3.0,0.0,1636.51,1682.15,8.0,10.0,2008-09-27,15.0,6.0,3.0,6.0,1.07,1.07
Hannover,1,1.0,1.0,1619.23,1630.52,8.0,7.0,2008-10-05,12.0,5.0,3.0,4.0,2.0,1.58
Werder Bremen,0,3.0,3.0,1643.48,1773.35,8.0,9.0,2008-10-18,15.0,6.0,2.0,7.0,1.27,1.27
Hertha,1,1.0,1.0,1643.48,1647.49,6.0,10.0,2008-10-26,14.0,7.0,3.0,4.0,1.43,0.93
FC Koln,0,1.0,0.0,1643.48,1559.0,6.0,9.0,2008-10-29,6.0,3.0,3.0,0.0,1.5,0.83
Bochum,1,1.0,1.0,1659.02,1600.91,9.0,2.0,2008-11-02,11.0,4.0,5.0,2.0,1.73,1.27
Hamburg,0,1.0,2.0,1659.02,1736.72,7.0,7.0,2008-11-08,15.0,8.0,3.0,4.0,1.67,1.53
Ein Frankfurt,1,4.0,0.0,1647.73,1604.54,6.0,10.0,2008-11-15,10.0,4.0,5.0,1.0,1.6,0.8
Karlsruhe,0,1.0,0.0,1647.73,1547.23,8.0,1.0,2008-11-21,2.0,0.0,1.0,1.0,1.0,2.0
Wolfsburg,1,0.0,0.0,1647.73,1703.95,10.0,9.0,2008-11-30,16.0,8.0,4.0,4.0,1.94,1.5
Bielefeld,0,0.0,0.0,1658.91,1555.27,8.0,4.0,2008-12-06,10.0,2.0,5.0,3.0,1.2,0.8
MGladbach,1,2.0,1.0,1658.91,1545.55,8.0,4.0,2008-12-12,11.0,6.0,1.0,4.0,1.36,1.09
Leverkusen,1,1.0,1.0,1672.31,1730.73,11.0,7.0,2009-01-31,16.0,5.0,3.0,8.0,1.12,1.69
Bayern Munich,0,1.0,3.0,1671.4,1848.49,9.0,10.0,2009-02-08,16.0,3.0,6.0,7.0,1.12,2.12
Cottbus,1,1.0,1.0,1667.95,1563.76,6.0,7.0,2009-02-15,11.0,9.0,1.0,1.0,2.45,0.64
Schalke 04,0,1.0,1.0,1667.95,1739.1,6.0,7.0,2009-02-20,17.0,2.0,7.0,8.0,1.06,1.71
Hoffenheim,1,0.0,0.0,1667.95,1652.82,6.0,6.0,2009-02-28,1.0,0.0,0.0,1.0,1.0,4.0
Stuttgart,0,1.0,2.0,1661.74,1700.55,4.0,11.0,2009-03-07,16.0,7.0,3.0,6.0,1.19,1.0
Hannover,0,4.0,4.0,1661.74,1610.29,3.0,4.0,2009-03-14,13.0,5.0,4.0,4.0,1.92,1.54
Werder Bremen,1,1.0,0.0,1660.0,1727.98,4.0,6.0,2009-03-21,16.0,6.0,3.0,7.0,1.38,1.38
Hertha,0,3.0,1.0,1673.47,1696.49,6.0,9.0,2009-04-04,15.0,7.0,4.0,4.0,1.4,0.93
FC Koln,1,3.0,1.0,1673.47,1586.74,8.0,4.0,2009-04-11,7.0,4.0,3.0,0.0,1.43,0.71
Bochum,0,2.0,0.0,1695.6,1628.19,10.0,7.0,2009-04-18,12.0,4.0,6.0,2.0,1.67,1.25
Hamburg,1,2.0,0.0,1695.6,1765.04,13.0,12.0,2009-04-25,16.0,8.0,3.0,5.0,1.62,1.56
Ein Frankfurt,0,2.0,0.0,1719.18,1616.86,15.0,7.0,2009-05-02,11.0,5.0,5.0,1.0,1.82,0.73
Karlsruhe,1,4.0,0.0,1719.18,1536.76,15.0,6.0,2009-05-09,3.0,1.0,1.0,1.0,1.0,1.33
Wolfsburg,0,0.0,3.0,1719.18,1774.79,15.0,9.0,2009-05-12,17.0,8.0,5.0,4.0,1.82,1.41
Bielefeld,1,6.0,0.0,1725.59,1563.07,12.0,3.0,2009-05-16,11.0,2.0,6.0,3.0,1.09,0.73
MGladbach,0,1.0,1.0,1725.59,1587.3,12.0,7.0,2009-05-23,12.0,7.0,1.0,4.0,1.42,1.08
FC Koln,1,1.0,0.0,1729.84,1568.35,10.0,7.0,2009-08-08,8.0,5.0,3.0,0.0,1.62,0.75
Hamburg,0,1.0,4.0,1732.45,1735.2,10.0,7.0,2009-08-15,17.0,9.0,3.0,5.0,1.65,1.47
Stuttgart,1,1.0,1.0,1732.45,1758.98,7.0,9.0,2009-08-22,17.0,7.0,3.0,7.0,1.18,1.06
Ein Frankfurt,0,1.0,1.0,1732.45,1593.43,8.0,5.0,2009-08-29,12.0,6.0,5.0,1.0,1.83,0.67
Bayern Munich,1,1.0,5.0,1724.73,1839.18,6.0,8.0,2009-09-12,17.0,3.0,6.0,8.0,1.12,2.18
Hannover,0,1.0,1.0,1710.88,1635.52,5.0,5.0,2009-09-19,14.0,5.0,5.0,4.0,2.07,1.71
Schalke 04,1,0.0,1.0,1710.88,1725.63,3.0,7.0,2009-09-26,18.0,2.0,8.0,8.0,1.06,1.67
MGladbach,0,1.0,0.0,1693.14,1565.22,3.0,3.0,2009-10-03,13.0,7.0,2.0,4.0,1.38,1.08
Bochum,1,2.0,0.0,1701.71,1591.02,5.0,4.0,2009-10-18,13.0,5.0,6.0,2.0,1.69,1.15
Leverkusen,0,1.0,1.0,1701.71,1732.56,7.0,11.0,2009-10-23,17.0,5.0,4.0,8.0,1.12,1.65
Hertha,1,2.0,0.0,1701.71,1603.89,8.0,1.0,2009-10-30,16.0,8.0,4.0,4.0,1.5,0.94
Werder Bremen,0,1.0,1.0,1704.77,1767.27,10.0,13.0,2009-11-08,17.0,7.0,3.0,7.0,1.35,1.29
Mainz,1,0.0,0.0,1711.35,1616.87,11.0,10.0,2009-11-21,6.0,1.0,4.0,1.0,1.17,0.83
Hoffenheim,0,2.0,1.0,1711.35,1672.29,9.0,9.0,2009-11-28,2.0,0.0,1.0,1.0,0.5,2.0
Nurnberg,1,4.0,0.0,1717.32,1599.98,9.0,4.0,2009-12-05,12.0,5.0,6.0,1.0,1.58,1.08
Wolfsburg,0,3.0,1.0,1717.32,1766.98,11.0,6.0,2009-12-13,18.0,8.0,5.0,5.0,1.72,1.5
Freiburg,1,1.0,0.0,1748.67,1584.49,11.0,8.0,2009-12-19,8.0,4.0,3.0,1.0,1.88,1.12
FC Koln,0,3.0,2.0,1756.25,1594.48,13.0,6.0,2010-01-17,9.0,6.0,3.0,0.0,1.56,0.67
Hamburg,1,1.0,0.0,1756.25,1759.95,15.0,11.0,2010-01-23,18.0,9.0,3.0,6.0,1.61,1.61
Stuttgart,0,1.0,4.0,1756.25,1714.12,15.0,11.0,2010-01-31,18.0,7.0,4.0,7.0,1.17,1.06
Ein Frankfurt,1,2.0,3.0,1755.14,1624.57,12.0,6.0,2010-02-07,13.0,6.0,6.0,1.0,1.77,0.69
Bayern Munich,0,1.0,3.0,1755.14,1874.67,9.0,15.0,2010-02-13,18.0,3.0,6.0,9.0,1.11,2.33
Hannover,1,4.0,1.0,1742.52,1576.7,6.0,0.0,2010-02-20,15.0,5.0,6.0,4.0,2.0,1.67
Schalke 04,0,1.0,2.0,1742.52,1766.71,6.0,8.0,2010-02-26,19.0,2.0,8.0,9.0,1.0,1.63
MGladbach,1,3.0,0.0,1745.91,1619.05,3.0,8.0,2010-03-06,14.0,8.0,2.0,4.0,1.36,1.0
Bochum,0,4.0,1.0,1745.91,1624.42,6.0,6.0,2010-03-13,14.0,6.0,6.0,2.0,1.71,1.07
Leverkusen,1,3.0,0.0,1767.96,1792.92,9.0,8.0,2010-03-20,18.0,5.0,5.0,8.0,1.11,1.61
Hertha,0,0.0,0.0,1767.96,1592.89,12.0,6.0,2010-03-27,17.0,9.0,4.0,4.0,1.53,0.88
Werder Bremen,1,2.0,1.0,1776.31,1800.4,10.0,13.0,2010-04-03,18.0,7.0,4.0,7.0,1.33,1.28
Mainz,0,0.0,1.0,1776.31,1633.37,13.0,6.0,2010-04-10,7.0,1.0,5.0,1.0,1.0,0.71
Hoffenheim,1,1.0,1.0,1771.39,1634.81,10.0,2.0,2010-04-18,3.0,1.0,1.0,1.0,1.0,1.67
Nurnberg,0,3.0,2.0,1771.39,1618.26,8.0,4.0,2010-04-24,13.0,6.0,6.0,1.0,1.77,1.0
Wolfsburg,1,1.0,1.0,1773.72,1745.33,8.0,9.0,2010-05-01,19.0,9.0,5.0,5.0,1.79,1.47
Freiburg,0,1.0,3.0,1773.72,1587.89,8.0,8.0,2010-05-08,9.0,5.0,3.0,1.0,1.78,1.0
Leverkusen,1,0.0,2.0,1752.03,1748.48,5.0,6.0,2010-08-22,19.0,6.0,5.0,8.0,1.21,1.53
Stuttgart,0,3.0,1.0,1752.03,1785.88,5.0,8.0,2010-08-29,19.0,7.0,4.0,8.0,1.16,1.21
Wolfsburg,1,2.0,0.0,1757.64,1739.67,7.0,4.0,2010-09-11,20.0,9.0,6.0,5.0,1.75,1.45
Schalke 04,0,3.0,1.0,1765.94,1752.4,7.0,1.0,2010-09-19,20.0,2.0,8.0,10.0,1.0,1.65
Kaiserslautern,1,5.0,0.0,1765.94,1610.91,9.0,8.0,2010-09-22,11.0,5.0,3.0,3.0,1.91,1.18
St Pauli,0,3.0,1.0,1765.94,1574.03,12.0,7.0,2010-09-25,2.0,1.0,1.0,0.0,1.5,1.0
Bayern Munich,1,2.0,0.0,1788.62,1878.25,15.0,5.0,2010-10-03,19.0,3.0,6.0,10.0,1.11,2.37
FC Koln,0,2.0,1.0,1800.84,1609.82,15.0,5.0,2010-10-15,10.0,7.0,3.0,0.0,1.7,0.8
Hoffenheim,1,1.0,1.0,1800.84,1697.83,15.0,5.0,2010-10-24,4.0,1.0,2.0,1.0,1.0,1.5
Mainz,0,2.0,0.0,1800.84,1736.06,13.0,12.0,2010-10-31,8.0,1.0,5.0,2.0,0.88,0.75
Hannover,0,4.0,0.0,1807.68,1643.6,13.0,6.0,2010-11-07,16.0,6.0,6.0,4.0,2.12,1.62
Hamburg,1,2.0,0.0,1807.68,1742.78,13.0,10.0,2010-11-12,19.0,10.0,3.0,6.0,1.58,1.53
Freiburg,0,2.0,1.0,1825.87,1633.97,13.0,9.0,2010-11-20,10.0,5.0,3.0,2.0,1.7,1.2
MGladbach,1,4.0,1.0,1825.87,1611.76,13.0,4.0,2010-11-27,15.0,9.0,2.0,4.0,1.47,0.93
Nurnberg,0,2.0,0.0,1833.76,1632.97,15.0,6.0,2010-12-05,14.0,7.0,6.0,1.0,1.86,1.07
Werder Bremen,1,2.0,0.0,1833.76,1732.56,15.0,5.0,2010-12-11,19.0,8.0,4.0,7.0,1.37,1.26
Ein Frankfurt,0,0.0,1.0,1854.7,1678.61,15.0,4.0,2010-12-18,14.0,6.0,6.0,2.0,1.79,0.86
Leverkusen,0,3.0,1.0,1841.91,1799.18,12.0,9.0,2011-01-14,20.0,6.0,5.0,9.0,1.15,1.55
Stuttgart,1,1.0,1.0,1854.25,1722.64,12.0,4.0,2011-01-22,20.0,8.0,4.0,8.0,1.25,1.2
Wolfsburg,0,3.0,0.0,1854.25,1730.85,10.0,7.0,2011-01-29,21.0,10.0,6.0,5.0,1.76,1.38
Schalke 04,1,0.0,0.0,1861.16,1770.83,10.0,9.0,2011-02-04,21.0,3.0,8.0,10.0,1.1,1.62
Kaiserslautern,0,1.0,1.0,1861.16,1625.87,8.0,4.0,2011-02-12,12.0,6.0,3.0,3.0,2.17,1.08
St Pauli,1,2.0,0.0,1856.9,1594.73,9.0,11.0,2011-02-19,3.0,2.0,1.0,0.0,2.0,1.0
Bayern Munich,0,3.0,1.0,1856.9,1874.65,9.0,12.0,2011-02-26,20.0,4.0,6.0,10.0,1.15,2.25
FC Koln,1,1.0,0.0,1873.69,1651.3,11.0,10.0,2011-03-04,11.0,8.0,3.0,0.0,1.73,0.82
Hoffenheim,0,0.0,1.0,1873.69,1711.94,11.0,4.0,2011-03-12,5.0,1.0,3.0,1.0,1.0,1.4
Mainz,1,1.0,1.0,1865.9,1714.13,10.0,6.0,2011-03-19,9.0,2.0,5.0,2.0,1.0,0.67
Hannover,1,4.0,1.0,1853.02,1709.56,10.0,12.0,2011-04-02,17.0,7.0,6.0,4.0,2.24,1.53
Hamburg,0,1.0,1.0,1853.02,1726.65,10.0,5.0,2011-04-09,20.0,11.0,3.0,6.0,1.6,1.45
Freiburg,1,3.0,0.0,1864.6,1654.14,8.0,4.0,2011-04-17,11.0,6.0,3.0,2.0,1.73,1.18
MGladbach,0,0.0,1.0,1864.6,1618.87,8.0,4.0,2011-04-23,16.0,10.0,2.0,4.0,1.62,0.94
Nurnberg,1,2.0,0.0,1864.6,1700.71,8.0,5.0,2011-04-30,15.0,8.0,6.0,1.0,1.87,1.0
Werder Bremen,0,0.0,2.0,1858.61,1724.53,10.0,6.0,2011-05-07,20.0,9.0,4.0,7.0,1.4,1.2
Ein Frankfurt,1,3.0,1.0,1858.61,1623.7,7.0,2.0,2011-05-14,15.0,6.0,6.0,3.0,1.67,0.87
Hamburg,1,3.0,1.0,1845.38,1702.56,9.0,3.0,2011-08-05,21.0,11.0,4.0,6.0,1.57,1.43
Hoffenheim,0,0.0,1.0,1845.38,1677.25,9.0,3.0,2011-08-13,6.0,1.0,3.0,2.0,0.83,1.33
Nurnberg,1,2.0,0.0,1836.76,1681.36,9.0,3.0,2011-08-20,16.0,9.0,6.0,1.0,1.88,0.94
Leverkusen,0,0.0,0.0,1836.76,1794.29,9.0,10.0,2011-08-27,21.0,7.0,5.0,9.0,1.24,1.52
Hertha,1,1.0,2.0,1847.08,1696.7,10.0,8.0,2011-09-10,18.0,9.0,5.0,4.0,1.44,0.83
Hannover,0,1.0,2.0,1828.15,1727.57,7.0,8.0,2011-09-18,18.0,8.0,6.0,4.0,2.33,1.5
Mainz,0,2.0,1.0,1828.15,1709.12,4.0,4.0,2011-09-24,10.0,2.0,6.0,2.0,1.0,0.7
Augsburg,1,4.0,0.0,1814.75,1601.74,7.0,2.0,2011-10-01,0.0,0.0,0.0,0.0,0.0,0.0
Werder Bremen,0,2.0,0.0,1814.75,1757.92,7.0,10.0,2011-10-14,21.0,9.0,4.0,8.0,1.33,1.24
FC Koln,1,5.0,0.0,1830.42,1664.03,9.0,9.0,2011-10-22,12.0,9.0,3.0,0.0,1.67,0.75
Stuttgart,0,1.0,1.0,1830.42,1748.71,12.0,10.0,2011-10-29,21.0,8.0,5.0,8.0,1.24,1.19
Wolfsburg,1,5.0,1.0,1820.81,1683.27,13.0,7.0,2011-11-05,22.0,11.0,6.0,5.0,1.82,1.32
Bayern Munich,0,1.0,0.0,1829.57,1918.97,13.0,10.0,2011-11-19,21.0,5.0,6.0,10.0,1.24,2.19
Schalke 04,1,2.0,0.0,1829.57,1764.57,13.0,10.0,2011-11-26,22.0,3.0,9.0,10.0,1.05,1.55
MGladbach,0,1.0,1.0,1841.33,1732.81,13.0,12.0,2011-12-03,17.0,10.0,2.0,5.0,1.53,0.94
Kaiserslautern,1,1.0,1.0,1841.33,1649.98,11.0,3.0,2011-12-11,13.0,6.0,4.0,3.0,2.08,1.08
Freiburg,0,4.0,1.0,1816.27,1605.99,11.0,6.0,2011-12-17,12.0,7.0,3.0,2.0,1.83,1.08
Hamburg,0,5.0,1.0,1824.81,1686.9,11.0,9.0,2012-01-22,22.0,12.0,4.0,6.0,1.64,1.41
Hoffenheim,1,3.0,1.0,1824.81,1681.52,11.0,6.0,2012-01-28,7.0,1.0,3.0,3.0,0.71,1.29
Nurnberg,0,2.0,0.0,1841.77,1660.05,11.0,6.0,2012-02-03,17.0,10.0,6.0,1.0,1.88,0.88
Leverkusen,1,1.0,0.0,1841.77,1768.62,13.0,6.0,2012-02-11,22.0,7.0,6.0,9.0,1.18,1.45
Hertha,0,1.0,0.0,1853.57,1646.27,15.0,1.0,2012-02-18,19.0,9.0,5.0,5.0,1.42,0.89
Hannover,1,3.0,1.0,1853.57,1718.86,15.0,11.0,2012-02-26,19.0,8.0,6.0,5.0,2.26,1.53
Mainz,1,2.0,1.0,1865.35,1702.85,15.0,9.0,2012-03-03,11.0,3.0,6.0,2.0,1.09,0.73
Augsburg,0,0.0,0.0,1865.35,1613.96,15.0,6.0,2012-03-10,1.0,1.0,0.0,0.0,4.0,0.0
Werder Bremen,1,1.0,0.0,1867.32,1731.65,13.0,7.0,2012-03-17,22.0,10.0,4.0,8.0,1.36,1.18
FC Koln,0,6.0,1.0,1867.32,1644.08,13.0,4.0,2012-03-25,13.0,10.0,3.0,0.0,1.92,0.69
Stuttgart,1,4.0,4.0,1867.32,1725.04,13.0,13.0,2012-03-30,22.0,8.0,6.0,8.0,1.23,1.18
Wolfsburg,0,3.0,1.0,1878.9,1713.9,11.0,13.0,2012-04-07,23.0,12.0,6.0,5.0,1.96,1.3
Bayern Munich,1,1.0,0.0,1878.9,1921.04,11.0,15.0,2012-04-11,22.0,6.0,6.0,10.0,1.23,2.09
Schalke 04,0,2.0,1.0,1878.9,1812.21,13.0,10.0,2012-04-14,23.0,4.0,9.0,10.0,1.09,1.48
MGladbach,1,2.0,0.0,1891.07,1750.36,13.0,5.0,2012-04-21,18.0,10.0,3.0,5.0,1.5,0.94
Kaiserslautern,0,5.0,2.0,1891.07,1594.2,13.0,3.0,2012-04-28,14.0,6.0,5.0,3.0,2.0,1.07
Freiburg,1,4.0,0.0,1910.69,1681.94,15.0,9.0,2012-05-05,13.0,8.0,3.0,2.0,2.0,1.08
Werder Bremen,1,2.0,1.0,1914.15,1679.48,15.0,1.0,2012-08-24,23.0,11.0,4.0,8.0,1.35,1.13
Nurnberg,0,1.0,1.0,1915.21,1692.76,15.0,10.0,2012-09-01,18.0,11.0,6.0,1.0,1.89,0.83
Leverkusen,1,3.0,0.0,1911.1,1770.45,13.0,12.0,2012-09-15,23.0,8.0,6.0,9.0,1.17,1.39
Hamburg,0,2.0,3.0,1911.1,1637.13,13.0,1.0,2012-09-22,23.0,13.0,4.0,6.0,1.78,1.39
Ein Frankfurt,0,3.0,3.0,1911.1,1659.38,10.0,12.0,2012-09-25,16.0,7.0,6.0,3.0,1.75,0.88
MGladbach,1,5.0,0.0,1911.1,1755.35,8.0,6.0,2012-09-29,19.0,11.0,3.0,5.0,1.53,0.89
Hannover,0,1.0,1.0,1907.56,1736.4,8.0,9.0,2012-10-07,20.0,9.0,6.0,5.0,2.3,1.5
Schalke 04,1,1.0,2.0,1892.18,1800.92,8.0,10.0,2012-10-20,24.0,5.0,9.0,10.0,1.12,1.46
Freiburg,0,2.0,0.0,1892.18,1657.23,5.0,7.0,2012-10-27,14.0,9.0,3.0,2.0,2.14,1.0
Stuttgart,1,0.0,0.0,1912.38,1729.4,8.0,10.0,2012-11-03,23.0,8.0,7.0,8.0,1.35,1.3
Augsburg,0,3.0,1.0,1912.38,1626.19,8.0,5.0,2012-11-10,2.0,1.0,1.0,0.0,2.0,0.0
Greuther Furth,1,3.0,1.0,1924.37,1622.47,8.0,3.0,2012-11-17,0.0,0.0,0.0,0.0,0.0,0.0
Mainz,0,2.0,1.0,1924.37,1720.93,10.0,7.0,2012-11-24,12.0,4.0,6.0,2.0,1.17,0.75
Fortuna Dusseldorf,1,1.0,1.0,1924.37,1625.53,13.0,4.0,2012-11-27,0.0,0.0,0.0,0.0,0.0,0.0
Bayern Munich,0,1.0,1.0,1936.54,1967.66,11.0,13.0,2012-12-01,23.0,7.0,6.0,10.0,1.22,2.0
Wolfsburg,1,2.0,3.0,1936.54,1686.66,11.0,8.0,2012-12-08,24.0,13.0,6.0,5.0,2.0,1.29
Hoffenheim,0,3.0,1.0,1931.79,1631.99,8.0,0.0,2012-12-16,8.0,2.0,3.0,3.0,1.0,1.25
Werder Bremen,0,5.0,0.0,1935.72,1699.11,8.0,5.0,2013-01-19,24.0,12.0,4.0,8.0,1.38,1.12
Nurnberg,1,3.0,0.0,1935.72,1694.95,8.0,8.0,2013-01-25,19.0,11.0,7.0,1.0,1.84,0.84
Leverkusen,0,3.0,2.0,1947.6,1825.01,10.0,10.0,2013-02-03,24.0,9.0,6.0,9.0,1.25,1.33
Hamburg,1,1.0,4.0,1947.6,1702.63,12.0,7.0,2013-02-09,24.0,13.0,4.0,7.0,1.79,1.46
Ein Frankfurt,1,3.0,0.0,1927.87,1713.12,12.0,10.0,2013-02-16,17.0,7.0,7.0,3.0,1.82,1.0
MGladbach,0,1.0,1.0,1927.87,1771.54,12.0,5.0,2013-02-24,20.0,12.0,3.0,5.0,1.7,0.85
Hannover,1,3.0,1.0,1921.99,1726.04,10.0,10.0,2013-03-02,21.0,9.0,7.0,5.0,2.24,1.48
Schalke 04,0,1.0,2.0,1921.99,1770.07,10.0,7.0,2013-03-09,25.0,5.0,9.0,11.0,1.12,1.48
Freiburg,1,5.0,1.0,1914.1,1700.45,7.0,8.0,2013-03-16,15.0,10.0,3.0,2.0,2.13,0.93
Stuttgart,0,2.0,1.0,1914.1,1663.57,10.0,7.0,2013-03-30,24.0,8.0,8.0,8.0,1.29,1.25
Augsburg,1,4.0,2.0,1922.52,1625.06,10.0,9.0,2013-04-06,3.0,2.0,1.0,0.0,2.33,0.33
Greuther Furth,0,6.0,1.0,1922.52,1567.95,12.0,2.0,2013-04-13,1.0,1.0,0.0,0.0,3.0,1.0
Mainz,1,2.0,0.0,1939.95,1705.8,12.0,5.0,2013-04-20,13.0,5.0,6.0,2.0,1.23,0.77
Fortuna Dusseldorf,0,2.0,1.0,1939.95,1620.78,15.0,2.0,2013-04-27,1.0,0.0,1.0,0.0,1.0,1.0
Bayern Munich,1,1.0,1.0,1969.63,2047.57,15.0,15.0,2013-05-04,24.0,7.0,7.0,10.0,1.21,1.96
Wolfsburg,0,3.0,3.0,1969.63,1722.43,13.0,9.0,2013-05-11,25.0,13.0,6.0,6.0,2.0,1.36
Hoffenheim,1,1.0,2.0,1968.91,1631.07,11.0,5.0,2013-05-18,9.0,3.0,3.0,3.0,1.22,1.22
Augsburg,0,4.0,0.0,1948.2,1662.44,8.0,6.0,2013-08-10,4.0,3.0,1.0,0.0,2.75,0.75
Braunschweig,1,2.0,1.0,1954.28,1555.15,8.0,5.0,2013-08-18,0.0,0.0,0.0,0.0,0.0,0.0
Werder Bremen,1,1.0,0.0,1954.28,1661.9,8.0,8.0,2013-08-23,25.0,13.0,4.0,8.0,1.52,1.08
Ein Frankfurt,0,2.0,1.0,1949.83,1691.38,10.0,5.0,2013-09-01,18.0,8.0,7.0,3.0,1.89,0.94
Hamburg,1,6.0,2.0,1949.83,1680.81,12.0,4.0,2013-09-14,25.0,13.0,4.0,8.0,1.76,1.56
Nurnberg,0,1.0,1.0,1953.36,1689.09,15.0,3.0,2013-09-21,20.0,12.0,7.0,1.0,1.9,0.8
Freiburg,1,5.0,0.0,1953.36,1723.89,13.0,3.0,2013-09-28,16.0,11.0,3.0,2.0,2.31,0.94
MGladbach,0,0.0,2.0,1942.8,1734.72,13.0,7.0,2013-10-05,21.0,12.0,4.0,5.0,1.67,0.86
Hannover,1,1.0,0.0,1937.7,1733.01,10.0,7.0,2013-10-19,22.0,10.0,7.0,5.0,2.27,1.45
Schalke 04,0,3.0,1.0,1937.7,1797.43,10.0,10.0,2013-10-26,26.0,5.0,9.0,12.0,1.12,1.5
Stuttgart,1,6.0,1.0,1958.45,1684.36,10.0,7.0,2013-11-01,25.0,9.0,8.0,8.0,1.32,1.24
Wolfsburg,0,1.0,2.0,1958.45,1734.48,12.0,9.0,2013-11-09,26.0,13.0,7.0,6.0,2.04,1.42
Bayern Munich,1,0.0,3.0,1928.49,2080.9,9.0,13.0,2013-11-23,25.0,7.0,8.0,10.0,1.2,1.92
Mainz,0,3.0,1.0,1928.49,1682.44,9.0,9.0,2013-11-30,14.0,6.0,6.0,2.0,1.29,0.71
Leverkusen,1,0.0,1.0,1928.99,1853.15,9.0,12.0,2013-12-07,25.0,10.0,6.0,9.0,1.32,1.36
Hoffenheim,0,2.0,2.0,1928.99,1658.0,6.0,4.0,2013-12-14,10.0,3.0,3.0,4.0,1.2,1.3
Hertha,1,1.0,2.0,1914.87,1707.33,4.0,10.0,2013-12-21,20.0,10.0,5.0,5.0,1.4,0.85
Augsburg,1,2.0,2.0,1900.89,1681.71,4.0,11.0,2014-01-25,5.0,4.0,1.0,0.0,3.0,0.6
Braunschweig,0,2.0,1.0,1900.89,1535.3,5.0,4.0,2014-01-31,1.0,1.0,0.0,0.0,2.0,1.0
Werder Bremen,0,5.0,1.0,1896.37,1638.54,5.0,4.0,2014-02-08,26.0,14.0,4.0,8.0,1.5,1.04
Ein Frankfurt,1,4.0,0.0,1902.3,1697.19,8.0,10.0,2014-02-15,19.0,9.0,7.0,3.0,1.89,0.95
Hamburg,0,0.0,3.0,1902.3,1639.78,10.0,0.0,2014-02-22,26.0,14.0,4.0,8.0,1.92,1.58
Nurnberg,1,3.0,0.0,1885.55,1684.99,10.0,12.0,2014-03-01,21.0,12.0,8.0,1.0,1.86,0.81
Freiburg,0,1.0,0.0,1885.55,1643.01,12.0,2.0,2014-03-09,17.0,12.0,3.0,2.0,2.47,0.88
MGladbach,1,1.0,2.0,1893.55,1735.58,12.0,3.0,2014-03-15,22.0,12.0,4.0,6.0,1.59,0.91
Hannover,0,3.0,0.0,1893.55,1678.32,9.0,5.0,2014-03-22,23.0,11.0,7.0,5.0,2.22,1.39
Schalke 04,1,0.0,0.0,1893.55,1816.69,9.0,10.0,2014-03-25,27.0,6.0,9.0,12.0,1.19,1.48
Stuttgart,0,3.0,2.0,1893.55,1608.95,10.0,5.0,2014-03-29,26.0,10.0,8.0,8.0,1.5,1.23
Wolfsburg,1,2.0,1.0,1884.61,1749.62,10.0,8.0,2014-04-05,27.0,13.0,7.0,7.0,2.0,1.44
Bayern Munich,0,3.0,0.0,1884.61,2097.45,10.0,10.0,2014-04-12,26.0,7.0,8.0,11.0,1.15,1.96
Mainz,1,4.0,2.0,1908.63,1719.85,13.0,6.0,2014-04-19,15.0,7.0,6.0,2.0,1.4,0.73
Leverkusen,0,2.0,2.0,1908.63,1767.96,13.0,10.0,2014-04-26,26.0,10.0,6.0,10.0,1.27,1.35
Hoffenheim,1,3.0,2.0,1902.9,1685.88,13.0,6.0,2014-05-03,11.0,3.0,4.0,4.0,1.27,1.36
Hertha,0,4.0,0.0,1902.9,1666.06,13.0,5.0,2014-05-10,21.0,10.0,5.0,6.0,1.38,0.9
Leverkusen,1,0.0,2.0,1904.42,1778.24,13.0,13.0,2014-08-23,27.0,10.0,7.0,10.0,1.3,1.37
Augsburg,0,3.0,2.0,1904.42,1694.8,10.0,10.0,2014-08-29,6.0,4.0,2.0,0.0,2.83,0.83
Freiburg,1,3.0,1.0,1893.34,1650.1,10.0,2.0,2014-09-13,18.0,13.0,3.0,2.0,2.39,0.83
Mainz,0,0.0,2.0,1896.31,1690.83,12.0,8.0,2014-09-20,16.0,8.0,6.0,2.0,1.56,0.81
Stuttgart,1,2.0,2.0,1896.31,1611.57,9.0,1.0,2014-09-24,27.0,11.0,8.0,8.0,1.56,1.26
Schalke 04,0,1.0,2.0,1896.31,1781.63,7.0,5.0,2014-09-27,28.0,6.0,10.0,12.0,1.14,1.43
Hamburg,1,0.0,1.0,1868.89,1576.42,7.0,1.0,2014-10-04,27.0,14.0,4.0,9.0,1.85,1.63
FC Koln,0,1.0,2.0,1863.42,1613.84,4.0,2.0,2014-10-18,14.0,11.0,3.0,0.0,2.21,0.71
Hannover,1,0.0,1.0,1863.42,1670.36,1.0,3.0,2014-10-25,24.0,12.0,7.0,5.0,2.25,1.33
Bayern Munich,0,1.0,2.0,1863.04,2058.17,1.0,13.0,2014-11-01,27.0,8.0,8.0,11.0,1.22,1.89
MGladbach,1,1.0,0.0,1863.04,1788.53,0.0,11.0,2014-11-09,23.0,12.0,4.0,7.0,1.57,0.96
Paderborn,0,2.0,2.0,1872.6,1619.37,3.0,7.0,2014-11-22,0.0,0.0,0.0,0.0,0.0,0.0
Ein Frankfurt,0,0.0,2.0,1872.6,1659.89,4.0,3.0,2014-11-30,20.0,10.0,7.0,3.0,2.0,0.9
Hoffenheim,1,1.0,0.0,1823.49,1699.1,4.0,6.0,2014-12-05,12.0,4.0,4.0,4.0,1.42,1.42
Hertha,0,0.0,1.0,1823.49,1629.79,7.0,3.0,2014-12-13,22.0,11.0,5.0,6.0,1.5,0.86
Wolfsburg,1,2.0,2.0,1813.86,1804.29,7.0,10.0,2014-12-17,28.0,14.0,7.0,7.0,2.0,1.43
Werder Bremen,0,1.0,2.0,1813.86,1628.02,5.0,4.0,2014-12-20,27.0,15.0,4.0,8.0,1.63,1.04
Leverkusen,0,0.0,0.0,1800.74,1800.93,4.0,8.0,2015-01-31,28.0,10.0,7.0,11.0,1.25,1.39
Augsburg,1,0.0,1.0,1802.46,1718.29,5.0,9.0,2015-02-04,7.0,5.0,2.0,0.0,2.86,1.0
Freiburg,0,3.0,0.0,1802.46,1658.39,2.0,5.0,2015-02-07,19.0,14.0,3.0,2.0,2.42,0.84
Mainz,1,4.0,2.0,1802.46,1690.07,5.0,5.0,2015-02-13,17.0,8.0,6.0,3.0,1.47,0.88
Stuttgart,0,3.0,2.0,1806.79,1613.32,7.0,2.0,2015-02-20,28.0,11.0,9.0,8.0,1.57,1.29
Schalke 04,1,3.0,0.0,1806.79,1779.3,10.0,8.0,2015-02-28,29.0,6.0,10.0,13.0,1.14,1.45
Hamburg,0,0.0,0.0,1816.88,1617.29,12.0,7.0,2015-03-07,28.0,14.0,4.0,10.0,1.79,1.61
FC Koln,1,0.0,0.0,1816.88,1628.73,13.0,5.0,2015-03-14,15.0,11.0,3.0,1.0,2.13,0.8
Hannover,0,3.0,2.0,1811.08,1654.19,11.0,2.0,2015-03-21,25.0,12.0,7.0,6.0,2.16,1.32
Bayern Munich,1,0.0,1.0,1801.5,2028.49,11.0,12.0,2015-04-04,28.0,8.0,8.0,12.0,1.21,1.89
MGladbach,0,1.0,3.0,1801.5,1792.33,8.0,13.0,2015-04-11,24.0,13.0,4.0,7.0,1.54,0.92
Paderborn,1,3.0,0.0,1788.46,1572.14,5.0,4.0,2015-04-18,1.0,0.0,1.0,0.0,2.0,2.0
Ein Frankfurt,1,2.0,0.0,1788.46,1663.66,7.0,5.0,2015-04-25,21.0,10.0,7.0,4.0,1.9,0.95
Hoffenheim,0,1.0,1.0,1792.44,1683.14,9.0,4.0,2015-05-02,13.0,5.0,4.0,4.0,1.38,1.31
Hertha,1,2.0,0.0,1792.44,1637.57,7.0,5.0,2015-05-09,23.0,11.0,5.0,7.0,1.43,0.87
Wolfsburg,0,1.0,2.0,1792.1,1819.52,10.0,8.0,2015-05-16,29.0,14.0,8.0,7.0,2.0,1.45
Werder Bremen,1,3.0,2.0,1792.1,1666.54,10.0,8.0,2015-05-23,28.0,15.0,4.0,9.0,1.61,1.07
MGladbach,1,4.0,0.0,1792.52,1816.05,10.0,12.0,2015-08-15,25.0,13.0,4.0,8.0,1.52,1.0
Ingolstadt,0,4.0,0.0,1792.52,1540.75,10.0,8.0,2015-08-23,0.0,0.0,0.0,0.0,0.0,0.0
Hertha,1,3.0,1.0,1792.52,1618.52,12.0,5.0,2015-08-30,24.0,12.0,5.0,7.0,1.46,0.83
Hannover,0,4.0,2.0,1823.47,1630.24,12.0,7.0,2015-09-12,26.0,13.0,7.0,6.0,2.19,1.35
Leverkusen,1,3.0,0.0,1829.91,1820.82,15.0,6.0,2015-09-20,29.0,10.0,8.0,11.0,1.21,1.34
Hoffenheim,0,1.0,1.0,1829.91,1654.99,15.0,1.0,2015-09-23,14.0,5.0,5.0,4.0,1.36,1.29
Darmstadt,1,2.0,2.0,1829.91,1536.7,13.0,8.0,2015-09-27,0.0,0.0,0.0,0.0,0.0,0.0
Bayern Munich,0,1.0,5.0,1832.58,2015.99,11.0,15.0,2015-10-04,29.0,8.0,8.0,13.0,1.17,1.86
Mainz,0,2.0,0.0,1813.24,1684.86,8.0,6.0,2015-10-16,18.0,9.0,6.0,3.0,1.61,0.94
Augsburg,1,5.0,1.0,1813.24,1635.4,8.0,4.0,2015-10-25,8.0,5.0,2.0,1.0,2.5,1.0
Werder Bremen,0,3.0,1.0,1813.24,1624.98,8.0,3.0,2015-10-31,29.0,16.0,4.0,9.0,1.66,1.1
Schalke 04,1,3.0,2.0,1834.17,1717.82,10.0,7.0,2015-11-08,30.0,7.0,10.0,13.0,1.2,1.4
Hamburg,0,1.0,3.0,1837.34,1624.86,12.0,5.0,2015-11-20,29.0,14.0,5.0,10.0,1.72,1.55
Stuttgart,1,4.0,1.0,1837.34,1598.35,12.0,6.0,2015-11-29,29.0,12.0,9.0,8.0,1.62,1.31
Wolfsburg,0,2.0,1.0,1817.77,1806.96,12.0,10.0,2015-12-05,30.0,14.0,8.0,8.0,1.97,1.47
Ein Frankfurt,1,4.0,1.0,1817.77,1650.06,12.0,2.0,2015-12-13,22.0,11.0,7.0,4.0,1.91,0.91
FC Koln,0,1.0,2.0,1818.11,1657.76,12.0,6.0,2015-12-19,16.0,11.0,4.0,1.0,2.0,0.75
MGladbach,0,3.0,1.0,1807.08,1794.85,9.0,10.0,2016-01-23,26.0,14.0,4.0,8.0,1.62,0.96
Ingolstadt,1,2.0,0.0,1807.08,1573.32,12.0,4.0,2016-01-30,1.0,1.0,0.0,0.0,4.0,0.0
Hertha,0,0.0,0.0,1822.6,1690.86,12.0,11.0,2016-02-06,25.0,13.0,5.0,7.0,1.52,0.84
Hannover,1,1.0,0.0,1822.6,1590.39,10.0,0.0,2016-02-13,27.0,14.0,7.0,6.0,2.26,1.37
Leverkusen,0,1.0,0.0,1822.46,1808.83,10.0,11.0,2016-02-21,30.0,11.0,8.0,11.0,1.27,1.3
Hoffenheim,1,3.0,1.0,1822.46,1626.26,13.0,5.0,2016-02-28,15.0,5.0,6.0,4.0,1.33,1.27
Darmstadt,0,2.0,0.0,1851.8,1560.06,13.0,4.0,2016-03-02,1.0,0.0,1.0,0.0,2.0,2.0
Bayern Munich,1,0.0,0.0,1851.8,2016.65,13.0,10.0,2016-03-05,30.0,8.0,8.0,14.0,1.17,1.97
Mainz,1,2.0,0.0,1851.8,1707.4,13.0,10.0,2016-03-13,19.0,10.0,6.0,3.0,1.63,0.89
Augsburg,0,3.0,1.0,1878.51,1656.79,13.0,6.0,2016-03-20,9.0,6.0,2.0,1.0,2.78,1.0
Werder Bremen,1,3.0,2.0,1891.47,1649.13,13.0,8.0,2016-04-02,30.0,17.0,4.0,9.0,1.7,1.1
Schalke 04,0,2.0,2.0,1891.47,1728.65,13.0,9.0,2016-04-10,31.0,8.0,10.0,13.0,1.26,1.42
Hamburg,1,3.0,0.0,1869.87,1637.31,11.0,6.0,2016-04-17,30.0,14.0,5.0,11.0,1.7,1.6
Stuttgart,0,3.0,0.0,1869.87,1642.11,13.0,2.0,2016-04-23,30.0,13.0,9.0,8.0,1.7,1.3
Wolfsburg,1,5.0,1.0,1869.87,1750.59,13.0,2.0,2016-04-30,31.0,15.0,8.0,8.0,1.97,1.45
Ein Frankfurt,0,0.0,1.0,1884.78,1622.64,13.0,6.0,2016-05-07,23.0,12.0,7.0,4.0,2.0,0.91
FC Koln,1,2.0,2.0,1884.78,1668.89,10.0,8.0,2016-05-14,17.0,11.0,4.0,2.0,1.94,0.82
Mainz,1,2.0,1.0,1857.89,1696.73,10.0,5.0,2016-08-27,20.0,11.0,6.0,3.0,1.65,0.85
RB Leipzig,0,0.0,1.0,1864.28,1546.87,10.0,6.0,2016-09-10,0.0,0.0,0.0,0.0,0.0,0.0
Darmstadt,1,6.0,0.0,1854.47,1576.1,7.0,6.0,2016-09-17,2.0,1.0,1.0,0.0,2.0,1.0
Wolfsburg,0,5.0,1.0,1854.47,1730.89,7.0,11.0,2016-09-20,32.0,16.0,8.0,8.0,2.06,1.44
Freiburg,1,3.0,1.0,1854.47,1654.31,10.0,6.0,2016-09-23,20.0,15.0,3.0,2.0,2.45,0.8
Leverkusen,0,0.0,2.0,1880.75,1791.83,12.0,7.0,2016-10-01,31.0,12.0,8.0,11.0,1.26,1.26
Hertha,1,1.0,1.0,1880.75,1672.24,9.0,10.0,2016-10-14,26.0,13.0,6.0,7.0,1.46,0.81
Ingolstadt,0,3.0,3.0,1862.1,1568.3,10.0,0.0,2016-10-22,2.0,2.0,0.0,0.0,3.0,0.0
Schalke 04,1,0.0,0.0,1862.1,1706.22,8.0,7.0,2016-10-29,32.0,8.0,11.0,13.0,1.28,1.44
Hamburg,0,5.0,2.0,1865.01,1593.16,6.0,1.0,2016-11-05,31.0,15.0,5.0,11.0,1.74,1.55
Bayern Munich,1,1.0,0.0,1873.5,2011.67,6.0,9.0,2016-11-19,31.0,8.0,9.0,14.0,1.13,1.9
Ein Frankfurt,0,1.0,2.0,1873.5,1690.94,9.0,11.0,2016-11-26,24.0,12.0,7.0,5.0,1.92,0.92
MGladbach,1,4.0,1.0,1873.15,1729.96,8.0,2.0,2016-12-03,27.0,15.0,4.0,8.0,1.67,0.96
FC Koln,0,1.0,1.0,1873.15,1718.45,10.0,7.0,2016-12-10,18.0,11.0,5.0,2.0,1.94,0.89
Hoffenheim,0,2.0,2.0,1884.91,1722.83,10.0,7.0,2016-12-16,16.0,6.0,6.0,4.0,1.44,1.25
Augsburg,1,1.0,1.0,1884.91,1651.72,8.0,6.0,2016-12-20,10.0,7.0,2.0,1.0,2.8,1.0
Werder Bremen,0,2.0,1.0,1875.31,1643.56,6.0,9.0,2017-01-21,31.0,18.0,4.0,9.0,1.74,1.13
Mainz,0,1.0,1.0,1875.31,1677.31,9.0,4.0,2017-01-29,21.0,12.0,6.0,3.0,1.67,0.86
RB Leipzig,1,1.0,0.0,1875.13,1712.63,7.0,9.0,2017-02-04,1.0,0.0,0.0,1.0,0.0,1.0
Darmstadt,0,1.0,2.0,1875.13,1531.45,9.0,1.0,2017-02-11,3.0,2.0,1.0,0.0,3.33,0.67
Wolfsburg,1,3.0,0.0,1856.19,1691.52,8.0,9.0,2017-02-18,33.0,17.0,8.0,8.0,2.15,1.42
Freiburg,0,3.0,0.0,1856.19,1663.56,10.0,7.0,2017-02-25,21.0,16.0,3.0,2.0,2.48,0.81
Leverkusen,1,6.0,2.0,1874.71,1764.97,10.0,6.0,2017-03-04,32.0,12.0,8.0,12.0,1.22,1.28
Hertha,0,1.0,2.0,1874.71,1708.33,12.0,7.0,2017-03-11,27.0,13.0,7.0,7.0,1.44,0.81
Ingolstadt,1,1.0,0.0,1897.93,1602.14,9.0,4.0,2017-03-17,3.0,2.0,1.0,0.0,3.0,1.0
Schalke 04,0,1.0,1.0,1899.84,1769.06,12.0,8.0,2017-04-01,33.0,8.0,12.0,13.0,1.24,1.39
Hamburg,1,3.0,0.0,1899.84,1662.17,10.0,10.0,2017-04-04,32.0,16.0,5.0,11.0,1.84,1.56
Bayern Munich,0,1.0,4.0,1899.84,2036.07,10.0,12.0,2017-04-08,32.0,9.0,9.0,14.0,1.12,1.84
Ein Frankfurt,1,3.0,1.0,1872.84,1660.22,7.0,3.0,2017-04-15,25.0,12.0,7.0,6.0,1.88,0.96
MGladbach,0,3.0,2.0,1872.84,1747.06,10.0,7.0,2017-04-22,28.0,16.0,4.0,8.0,1.75,0.96
FC Koln,1,0.0,0.0,1872.84,1702.51,10.0,4.0,2017-04-29,19.0,11.0,6.0,2.0,1.89,0.89
Hoffenheim,1,2.0,1.0,1862.6,1770.45,10.0,10.0,2017-05-06,17.0,6.0,7.0,4.0,1.47,1.29
Augsburg,0,1.0,1.0,1862.6,1637.69,10.0,7.0,2017-05-13,11.0,7.0,3.0,1.0,2.64,1.0
Werder Bremen,1,4.0,3.0,1862.46,1704.58,11.0,9.0,2017-05-20,32.0,19.0,4.0,9.0,1.75,1.12
Wolfsburg,0,3.0,0.0,1856.38,1671.96,11.0,4.0,2017-08-19,34.0,18.0,8.0,8.0,2.18,1.38
Hertha,1,2.0,0.0,1856.38,1643.98,11.0,6.0,2017-08-26,28.0,13.0,7.0,8.0,1.43,0.86
Freiburg,0,0.0,0.0,1864.07,1606.26,13.0,5.0,2017-09-09,22.0,17.0,3.0,2.0,2.5,0.77
FC Koln,1,5.0,0.0,1845.47,1653.29,11.0,4.0,2017-09-17,20.0,11.0,7.0,2.0,1.8,0.85
Hamburg,0,3.0,0.0,1845.47,1630.04,13.0,9.0,2017-09-20,33.0,17.0,5.0,11.0,1.88,1.52
MGladbach,1,6.0,1.0,1845.47,1697.76,13.0,8.0,2017-09-23,29.0,17.0,4.0,8.0,1.79,1.0
Augsburg,0,2.0,1.0,1845.47,1638.28,13.0,11.0,2017-09-30,12.0,7.0,4.0,1.0,2.5,1.0
RB Leipzig,1,2.0,3.0,1841.91,1681.2,13.0,10.0,2017-10-14,2.0,1.0,0.0,1.0,0.5,0.5
Ein Frankfurt,0,2.0,2.0,1828.96,1610.54,12.0,9.0,2017-10-21,26.0,13.0,7.0,6.0,1.92,0.96
Hannover,0,2.0,4.0,1828.96,1577.07,10.0,5.0,2017-10-28,28.0,15.0,7.0,6.0,2.21,1.32
Bayern Munich,1,1.0,3.0,1802.83,1941.77,7.0,11.0,2017-11-04,33.0,9.0,9.0,15.0,1.12,1.91
Stuttgart,0,1.0,2.0,1787.91,1568.71,4.0,6.0,2017-11-17,31.0,14.0,9.0,8.0,1.74,1.26
Schalke 04,1,4.0,4.0,1787.91,1700.35,1.0,13.0,2017-11-25,34.0,8.0,13.0,13.0,1.24,1.38
Leverkusen,0,1.0,1.0,1771.47,1712.43,2.0,11.0,2017-12-02,33.0,13.0,8.0,12.0,1.36,1.3
Werder Bremen,1,1.0,2.0,1771.47,1619.37,2.0,6.0,2017-12-09,33.0,20.0,4.0,9.0,1.82,1.18
Mainz,0,2.0,0.0,1771.47,1605.3,2.0,5.0,2017-12-12,22.0,12.0,7.0,3.0,1.64,0.86
Hoffenheim,1,2.0,1.0,1757.63,1677.0,5.0,7.0,2017-12-16,18.0,7.0,7.0,4.0,1.5,1.28
Wolfsburg,1,0.0,0.0,1762.16,1638.99,8.0,5.0,2018-01-14,35.0,19.0,8.0,8.0,2.2,1.34
Hertha,0,1.0,1.0,1757.25,1610.81,8.0,7.0,2018-01-19,29.0,14.0,7.0,8.0,1.45,0.83
Freiburg,1,2.0,2.0,1757.25,1587.01,8.0,11.0,2018-01-27,23.0,17.0,4.0,2.0,2.39,0.74
FC Koln,0,3.0,2.0,1749.32,1584.97,9.0,10.0,2018-02-02,21.0,12.0,7.0,2.0,1.95,0.81
Hamburg,1,2.0,0.0,1749.32,1560.03,9.0,2.0,2018-02-10,34.0,18.0,5.0,11.0,1.91,1.47
MGladbach,0,1.0,0.0,1758.32,1656.14,9.0,3.0,2018-02-18,30.0,18.0,4.0,8.0,1.93,1.0
Augsburg,1,1.0,1.0,1758.32,1641.82,11.0,4.0,2018-02-26,13.0,8.0,4.0,1.0,2.46,1.0
RB Leipzig,0,1.0,1.0,1778.38,1703.39,11.0,7.0,2018-03-03,3.0,1.0,0.0,2.0,1.0,1.33
Ein Frankfurt,1,3.0,2.0,1778.38,1657.75,11.0,9.0,2018-03-11,27.0,13.0,8.0,6.0,1.93,1.0
Hannover,1,1.0,0.0,1769.7,1580.14,11.0,4.0,2018-03-18,29.0,15.0,7.0,7.0,2.21,1.41
Bayern Munich,0,0.0,6.0,1769.7,1979.3,11.0,10.0,2018-03-31,34.0,9.0,9.0,16.0,1.12,1.94
Stuttgart,1,3.0,0.0,1767.49,1613.15,8.0,11.0,2018-04-08,32.0,14.0,9.0,9.0,1.72,1.28
Schalke 04,0,0.0,2.0,1768.87,1726.42,10.0,12.0,2018-04-15,35.0,8.0,14.0,13.0,1.31,1.46
Leverkusen,1,4.0,0.0,1768.87,1731.25,9.0,10.0,2018-04-21,34.0,13.0,9.0,12.0,1.35,1.29
Werder Bremen,0,1.0,1.0,1768.87,1662.44,9.0,7.0,2018-04-29,34.0,20.0,4.0,10.0,1.79,1.21
Mainz,1,1.0,2.0,1765.02,1594.43,7.0,8.0,2018-05-05,23.0,13.0,7.0,3.0,1.65,0.83
Hoffenheim,0,1.0,3.0,1765.02,1716.82,7.0,10.0,2018-05-12,19.0,8.0,7.0,4.0,1.53,1.26
RB Leipzig,1,4.0,1.0,1743.07,1695.99,4.0,7.0,2018-08-26,4.0,1.0,1.0,2.0,1.0,1.25
Hannover,0,0.0,0.0,1743.07,1580.63,7.0,4.0,2018-08-31,30.0,16.0,7.0,7.0,2.17,1.37
Ein Frankfurt,1,3.0,1.0,1750.68,1645.55,5.0,6.0,2018-09-14,28.0,14.0,8.0,6.0,1.96,1.04
Hoffenheim,0,1.0,1.0,1756.25,1719.66,7.0,6.0,2018-09-22,20.0,8.0,7.0,5.0,1.5,1.35
Nurnberg,1,7.0,0.0,1756.25,1503.66,8.0,5.0,2018-09-26,22.0,13.0,8.0,1.0,1.91,0.77
Leverkusen,0,4.0,2.0,1756.25,1684.45,11.0,6.0,2018-09-29,35.0,14.0,9.0,12.0,1.43,1.26
Augsburg,1,4.0,3.0,1789.63,1639.25,11.0,5.0,2018-10-06,14.0,8.0,5.0,1.0,2.36,1.0
Stuttgart,0,4.0,0.0,1809.71,1653.09,13.0,5.0,2018-10-20,33.0,15.0,9.0,9.0,1.76,1.24
Hertha,1,2.0,2.0,1809.71,1681.45,13.0,8.0,2018-10-27,30.0,14.0,8.0,8.0,1.43,0.83
Wolfsburg,0,1.0,0.0,1837.08,1641.64,13.0,5.0,2018-11-03,36.0,19.0,9.0,8.0,2.14,1.31
Bayern Munich,1,3.0,2.0,1837.08,1947.7,13.0,7.0,2018-11-10,35.0,9.0,9.0,17.0,1.09,2.06
Mainz,0,2.0,1.0,1844.65,1641.44,13.0,7.0,2018-11-24,24.0,13.0,7.0,4.0,1.62,0.88
Freiburg,1,2.0,0.0,1834.23,1611.55,13.0,6.0,2018-12-01,24.0,17.0,5.0,2.0,2.38,0.79
Schalke 04,0,2.0,1.0,1834.23,1711.8,13.0,8.0,2018-12-08,36.0,8.0,14.0,14.0,1.28,1.47
Werder Bremen,1,2.0,1.0,1857.67,1678.84,15.0,4.0,2018-12-15,35.0,20.0,5.0,10.0,1.77,1.2
Fortuna Dusseldorf,0,1.0,2.0,1857.67,1499.83,15.0,7.0,2018-12-18,2.0,1.0,1.0,0.0,1.5,1.0
MGladbach,1,2.0,1.0,1857.67,1746.75,12.0,10.0,2018-12-21,31.0,19.0,4.0,8.0,1.9,0.97
RB Leipzig,0,1.0,0.0,1850.55,1735.19,12.0,9.0,2019-01-19,5.0,2.0,1.0,2.0,1.6,1.2
Hannover,1,5.0,1.0,1850.55,1568.08,12.0,2.0,2019-01-26,31.0,16.0,8.0,7.0,2.1,1.32
Ein Frankfurt,0,1.0,1.0,1859.97,1742.1,12.0,8.0,2019-02-02,29.0,15.0,8.0,6.0,2.0,1.03
Hoffenheim,1,3.0,3.0,1859.97,1736.96,10.0,6.0,2019-02-09,21.0,8.0,8.0,5.0,1.48,1.33
Nurnberg,0,0.0,0.0,1839.19,1495.3,11.0,1.0,2019-02-18,23.0,14.0,8.0,1.0,2.13,0.74
Leverkusen,1,3.0,2.0,1839.19,1757.21,9.0,12.0,2019-02-24,36.0,15.0,9.0,12.0,1.5,1.28
Augsburg,0,1.0,2.0,1837.98,1593.73,9.0,3.0,2019-03-01,15.0,9.0,5.0,1.0,2.47,1.13
Stuttgart,1,3.0,1.0,1837.98,1584.96,6.0,5.0,2019-03-09,34.0,16.0,9.0,9.0,1.82,1.21
Hertha,0,3.0,2.0,1819.63,1665.57,8.0,7.0,2019-03-16,31.0,14.0,9.0,8.0,1.45,0.87
Wolfsburg,1,2.0,0.0,1819.63,1684.38,10.0,10.0,2019-03-30,37.0,20.0,9.0,8.0,2.11,1.27
Bayern Munich,0,0.0,5.0,1830.22,1932.45,12.0,13.0,2019-04-06,36.0,10.0,9.0,17.0,1.14,2.06
Mainz,1,2.0,1.0,1830.22,1601.47,9.0,3.0,2019-04-13,25.0,14.0,7.0,4.0,1.64,0.88
Freiburg,0,4.0,0.0,1820.43,1610.47,12.0,5.0,2019-04-21,25.0,18.0,5.0,2.0,2.36,0.76
Schalke 04,1,2.0,4.0,1820.43,1634.98,12.0,4.0,2019-04-27,37.0,9.0,14.0,14.0,1.3,1.46
Werder Bremen,0,2.0,2.0,1814.68,1698.04,9.0,7.0,2019-05-04,36.0,21.0,5.0,10.0,1.78,1.19
Fortuna Dusseldorf,1,3.0,2.0,1814.68,1601.32,7.0,7.0,2019-05-11,3.0,1.0,1.0,1.0,1.33,1.33
MGladbach,0,2.0,0.0,1816.87,1705.84,10.0,7.0,2019-05-18,32.0,20.0,4.0,8.0,1.91,0.97
Augsburg,1,5.0,1.0,1826.48,1594.92,10.0,4.0,2019-08-17,16.0,9.0,5.0,2.0,2.38,1.19
FC Koln,0,3.0,1.0,1826.48,1571.9,10.0,4.0,2019-08-23,22.0,13.0,7.0,2.0,2.0,0.86
Union Berlin,0,1.0,3.0,1826.48,1541.01,13.0,5.0,2019-08-31,0.0,0.0,0.0,0.0,0.0,0.0
Leverkusen,1,4.0,0.0,1817.74,1773.42,12.0,11.0,2019-09-14,37.0,16.0,9.0,12.0,1.54,1.3
Ein Frankfurt,0,2.0,2.0,1828.41,1750.54,12.0,6.0,2019-09-22,30.0,15.0,9.0,6.0,1.97,1.03
Werder Bremen,1,2.0,2.0,1828.41,1709.58,10.0,6.0,2019-09-28,37.0,21.0,6.0,10.0,1.78,1.22
Freiburg,0,2.0,2.0,1811.96,1627.96,8.0,10.0,2019-10-05,26.0,19.0,5.0,2.0,2.42,0.73
MGladbach,1,1.0,0.0,1819.41,1694.99,6.0,12.0,2019-10-19,33.0,21.0,4.0,8.0,1.91,0.94
Schalke 04,0,0.0,0.0,1819.41,1680.32,9.0,10.0,2019-10-26,38.0,9.0,14.0,15.0,1.32,1.53
Wolfsburg,1,3.0,0.0,1809.28,1714.44,7.0,9.0,2019-11-02,38.0,21.0,9.0,8.0,2.11,1.24
Bayern Munich,0,0.0,4.0,1809.28,1944.49,9.0,7.0,2019-11-09,37.0,10.0,9.0,18.0,1.11,2.14
Paderborn,1,3.0,3.0,1816.38,1467.01,8.0,3.0,2019-11-22,2.0,1.0,1.0,0.0,2.5,1.0
Hertha,0,2.0,1.0,1816.38,1617.98,8.0,1.0,2019-11-30,32.0,15.0,9.0,8.0,1.5,0.91
Fortuna Dusseldorf,1,5.0,0.0,1819.46,1603.35,8.0,5.0,2019-12-07,4.0,2.0,1.0,1.0,1.75,1.5
Mainz,0,4.0,0.0,1819.46,1634.14,10.0,6.0,2019-12-14,26.0,15.0,7.0,4.0,1.65,0.88
RB Leipzig,1,3.0,3.0,1828.52,1821.58,10.0,15.0,2019-12-17,6.0,3.0,1.0,2.0,1.5,1.0
Hoffenheim,0,1.0,2.0,1828.52,1679.9,11.0,4.0,2019-12-20,22.0,8.0,9.0,5.0,1.55,1.41
Augsburg,0,5.0,3.0,1816.71,1630.67,10.0,10.0,2020-01-18,17.0,10.0,5.0,2.0,2.53,1.18
FC Koln,1,5.0,1.0,1816.71,1573.56,10.0,12.0,2020-01-24,23.0,14.0,7.0,2.0,2.04,0.87
Union Berlin,1,5.0,0.0,1827.4,1577.83,10.0,4.0,2020-02-01,1.0,0.0,0.0,1.0,1.0,3.0
Leverkusen,0,3.0,4.0,1827.4,1748.51,10.0,9.0,2020-02-08,38.0,17.0,9.0,12.0,1.61,1.26
Ein Frankfurt,1,4.0,0.0,1827.4,1702.96,9.0,10.0,2020-02-14,31.0,15.0,10.0,6.0,1.97,1.06
Werder Bremen,0,2.0,0.0,1830.87,1609.96,12.0,3.0,2020-02-22,38.0,21.0,7.0,10.0,1.79,1.24
Freiburg,1,1.0,0.0,1830.87,1629.55,12.0,4.0,2020-02-29,27.0,19.0,6.0,2.0,2.41,0.78
MGladbach,0,2.0,1.0,1869.21,1763.59,12.0,11.0,2020-03-07,34.0,22.0,4.0,8.0,1.88,0.91
Schalke 04,1,4.0,0.0,1853.26,1683.61,12.0,3.0,2020-05-16,39.0,9.0,15.0,15.0,1.28,1.49
Wolfsburg,0,2.0,0.0,1853.26,1715.34,15.0,11.0,2020-05-23,39.0,22.0,9.0,8.0,2.13,1.21
Bayern Munich,1,0.0,1.0,1853.26,1988.2,15.0,15.0,2020-05-26,38.0,10.0,9.0,19.0,1.08,2.18
Paderborn,0,6.0,1.0,1853.26,1508.49,12.0,3.0,2020-05-31,3.0,1.0,2.0,0.0,2.67,1.67
Hertha,1,1.0,0.0,1866.03,1666.02,12.0,11.0,2020-06-06,33.0,16.0,9.0,8.0,1.52,0.91
Fortuna Dusseldorf,0,1.0,0.0,1866.03,1604.69,12.0,6.0,2020-06-13,5.0,3.0,1.0,1.0,2.4,1.2
Mainz,1,0.0,2.0,1871.69,1632.13,12.0,4.0,2020-06-17,27.0,16.0,7.0,4.0,1.74,0.85
RB Leipzig,0,2.0,0.0,1871.69,1865.98,9.0,9.0,2020-06-20,7.0,3.0,2.0,2.0,1.71,1.29
Hoffenheim,1,0.0,4.0,1871.69,1690.27,12.0,10.0,2020-06-27,23.0,8.0,9.0,6.0,1.52,1.43
MGladbach,1,3.0,0.0,1840.03,1765.77,9.0,9.0,2020-09-19,35.0,23.0,4.0,8.0,1.89,0.91
Augsburg,0,0.0,2.0,1840.03,1610.94,9.0,7.0,2020-09-26,18.0,11.0,5.0,2.0,2.67,1.28
Freiburg,1,4.0,0.0,1833.35,1675.09,6.0,10.0,2020-10-03,28.0,20.0,6.0,2.0,2.36,0.75
Hoffenheim,0,1.0,0.0,1836.98,1755.53,9.0,12.0,2020-10-17,24.0,8.0,9.0,7.0,1.46,1.54
Schalke 04,1,3.0,0.0,1836.98,1593.88,9.0,1.0,2020-10-24,40.0,10.0,15.0,15.0,1.35,1.45
Bielefeld,0,2.0,0.0,1836.98,1603.38,12.0,4.0,2020-10-31,12.0,3.0,6.0,3.0,1.5,0.67
Bayern Munich,1,2.0,3.0,1843.93,2037.99,12.0,12.0,2020-11-07,39.0,10.0,9.0,20.0,1.05,2.15
Hertha,0,5.0,2.0,1865.64,1672.01,12.0,4.0,2020-11-21,34.0,17.0,9.0,8.0,1.5,0.88
FC Koln,1,1.0,2.0,1865.64,1609.64,12.0,3.0,2020-11-28,24.0,15.0,7.0,2.0,2.17,0.88
Ein Frankfurt,0,1.0,1.0,1866.96,1733.64,9.0,4.0,2020-12-05,32.0,16.0,10.0,6.0,2.03,1.03
Stuttgart,1,1.0,5.0,1866.96,1629.49,7.0,6.0,2020-12-12,35.0,17.0,9.0,9.0,1.86,1.2
Werder Bremen,0,2.0,1.0,1836.79,1655.96,4.0,2.0,2020-12-15,39.0,22.0,7.0,10.0,1.79,1.21
Union Berlin,0,1.0,2.0,1836.79,1674.37,7.0,6.0,2020-12-18,2.0,1.0,0.0,1.0,3.0,1.5
Wolfsburg,1,2.0,0.0,1829.75,1765.95,4.0,10.0,2021-01-03,40.0,23.0,9.0,8.0,2.12,1.18
RB Leipzig,0,3.0,1.0,1829.75,1887.24,7.0,11.0,2021-01-09,8.0,4.0,2.0,2.0,1.75,1.12
Mainz,1,1.0,1.0,1852.13,1606.76,9.0,1.0,2021-01-16,28.0,16.0,7.0,5.0,1.68,0.89
Leverkusen,0,1.0,2.0,1852.13,1844.69,10.0,4.0,2021-01-19,39.0,17.0,9.0,13.0,1.64,1.33
MGladbach,0,2.0,4.0,1852.13,1807.28,7.0,10.0,2021-01-22,36.0,24.0,4.0,8.0,1.92,0.89
Augsburg,1,3.0,1.0,1852.13,1635.85,7.0,6.0,2021-01-30,19.0,11.0,5.0,3.0,2.53,1.32
Freiburg,0,1.0,2.0,1831.23,1714.1,7.0,7.0,2021-02-06,29.0,21.0,6.0,2.0,2.41,0.72
Hoffenheim,1,2.0,2.0,1831.23,1737.35,4.0,7.0,2021-02-13,25.0,9.0,9.0,7.0,1.44,1.48
Schalke 04,0,4.0,0.0,1817.68,1581.17,4.0,2.0,2021-02-20,41.0,11.0,15.0,15.0,1.39,1.41
Bielefeld,1,3.0,0.0,1817.68,1602.89,7.0,4.0,2021-02-27,13.0,4.0,6.0,3.0,1.54,0.62
Bayern Munich,0,2.0,4.0,1819.57,2016.97,10.0,10.0,2021-03-06,40.0,10.0,9.0,21.0,1.08,2.17
Hertha,1,2.0,0.0,1819.57,1608.59,7.0,4.0,2021-03-13,35.0,18.0,9.0,8.0,1.6,0.91
FC Koln,0,2.0,2.0,1819.22,1597.23,10.0,1.0,2021-03-20,25.0,15.0,7.0,3.0,2.12,0.92
Ein Frankfurt,1,1.0,2.0,1814.26,1783.41,10.0,8.0,2021-04-03,33.0,16.0,11.0,6.0,2.0,1.03
Stuttgart,0,3.0,2.0,1814.26,1666.53,7.0,10.0,2021-04-10,36.0,17.0,9.0,10.0,1.83,1.31
Werder Bremen,1,4.0,1.0,1800.98,1632.8,7.0,3.0,2021-04-18,40.0,23.0,7.0,10.0,1.8,1.2
Union Berlin,1,2.0,0.0,1800.98,1669.66,10.0,8.0,2021-04-21,3.0,1.0,0.0,2.0,2.33,1.67
Wolfsburg,0,2.0,0.0,1800.98,1777.75,10.0,9.0,2021-04-24,41.0,24.0,9.0,8.0,2.12,1.15
RB Leipzig,1,3.0,2.0,1823.85,1837.65,12.0,7.0,2021-05-08,9.0,5.0,2.0,2.0,1.89,1.11
Mainz,0,3.0,1.0,1830.88,1655.4,15.0,11.0,2021-05-16,29.0,16.0,8.0,5.0,1.66,0.9
Leverkusen,1,3.0,1.0,1830.88,1744.33,15.0,8.0,2021-05-22,40.0,17.0,9.0,14.0,1.62,1.35
Ein Frankfurt,1,5.0,2.0,1843.86,1760.57,15.0,7.0,2021-08-14,34.0,16.0,11.0,7.0,1.97,1.06
Freiburg,0,1.0,2.0,1851.93,1676.26,15.0,5.0,2021-08-21,30.0,21.0,6.0,3.0,2.37,0.77
Hoffenheim,1,3.0,2.0,1851.93,1704.97,12.0,11.0,2021-08-27,26.0,9.0,10.0,7.0,1.46,1.5
Leverkusen,0,4.0,3.0,1844.78,1758.31,12.0,8.0,2021-09-11,41.0,18.0,9.0,14.0,1.66,1.34
Union Berlin,1,4.0,2.0,1856.39,1697.13,12.0,9.0,2021-09-19,4.0,2.0,0.0,2.0,2.25,1.25
MGladbach,0,0.0,1.0,1856.39,1742.26,12.0,4.0,2021-09-25,37.0,24.0,4.0,9.0,1.92,0.97
Augsburg,1,2.0,1.0,1855.14,1589.29,9.0,5.0,2021-10-02,20.0,12.0,5.0,3.0,2.55,1.3
Mainz,1,3.0,1.0,1856.99,1668.52,12.0,7.0,2021-10-16,30.0,17.0,8.0,5.0,1.7,0.9
Bielefeld,0,3.0,1.0,1856.99,1592.66,12.0,2.0,2021-10-23,14.0,5.0,6.0,3.0,1.64,0.57
FC Koln,1,2.0,0.0,1856.99,1633.79,12.0,6.0,2021-10-30,26.0,15.0,8.0,3.0,2.12,0.96
RB Leipzig,0,1.0,2.0,1849.65,1783.77,12.0,11.0,2021-11-06,10.0,6.0,2.0,2.0,2.0,1.2
Stuttgart,1,2.0,1.0,1832.06,1623.37,12.0,5.0,2021-11-20,37.0,18.0,9.0,10.0,1.86,1.32
Wolfsburg,0,3.0,1.0,1832.06,1751.92,12.0,7.0,2021-11-27,42.0,25.0,9.0,8.0,2.12,1.12
Bayern Munich,1,2.0,3.0,1831.57,2015.32,12.0,12.0,2021-12-04,41.0,10.0,9.0,22.0,1.1,2.22
Bochum,0,1.0,1.0,1831.57,1594.17,9.0,9.0,2021-12-11,15.0,7.0,6.0,2.0,1.87,1.07
Greuther Furth,1,3.0,0.0,1819.99,1494.35,7.0,3.0,2021-12-15,2.0,2.0,0.0,0.0,4.5,1.0
Hertha,0,2.0,3.0,1819.99,1618.7,10.0,5.0,2021-12-18,36.0,19.0,9.0,8.0,1.61,0.89
Ein Frankfurt,0,3.0,2.0,1810.59,1762.87,7.0,12.0,2022-01-08,35.0,17.0,11.0,7.0,2.06,1.09
Freiburg,1,5.0,1.0,1810.59,1720.85,7.0,8.0,2022-01-14,31.0,21.0,6.0,4.0,2.32,0.81
Hoffenheim,0,3.0,2.0,1826.93,1726.29,10.0,8.0,2022-01-22,27.0,10.0,10.0,7.0,1.52,1.52
Leverkusen,1,2.0,5.0,1833.16,1762.13,12.0,8.0,2022-02-06,42.0,19.0,9.0,14.0,1.71,1.38
Union Berlin,0,3.0,0.0,1833.16,1705.78,9.0,10.0,2022-02-13,5.0,3.0,0.0,2.0,2.6,1.4
MGladbach,1,6.0,0.0,1824.73,1687.79,12.0,7.0,2022-02-20,38.0,24.0,4.0,10.0,1.87,0.97
Augsburg,0,1.0,1.0,1824.73,1604.76,12.0,4.0,2022-02-27,21.0,13.0,5.0,3.0,2.52,1.29
Bielefeld,1,1.0,0.0,1801.21,1617.43,10.0,4.0,2022-03-13,15.0,6.0,6.0,3.0,1.73,0.6
Mainz,0,1.0,0.0,1807.48,1677.79,10.0,7.0,2022-03-16,31.0,18.0,8.0,5.0,1.74,0.9
FC Koln,0,1.0,1.0,1807.48,1658.57,13.0,7.0,2022-03-20,27.0,16.0,8.0,3.0,2.11,0.93
RB Leipzig,1,1.0,4.0,1807.63,1810.31,11.0,11.0,2022-04-02,11.0,6.0,2.0,3.0,1.91,1.27
Stuttgart,0,2.0,0.0,1807.63,1611.29,8.0,8.0,2022-04-08,38.0,19.0,9.0,10.0,1.87,1.32
Wolfsburg,1,6.0,1.0,1802.5,1657.23,10.0,6.0,2022-04-16,43.0,26.0,9.0,8.0,2.14,1.12
Bayern Munich,0,1.0,3.0,1802.5,1985.89,10.0,13.0,2022-04-23,42.0,10.0,9.0,23.0,1.12,2.24
Bochum,1,3.0,4.0,1802.5,1617.57,7.0,4.0,2022-04-30,16.0,7.0,7.0,2.0,1.81,1.06
Greuther Furth,0,3.0,1.0,1795.93,1521.47,6.0,3.0,2022-05-07,3.0,3.0,0.0,0.0,4.0,0.67
Hertha,1,2.0,1.0,1795.93,1601.54,9.0,7.0,2022-05-14,37.0,19.0,9.0,9.0,1.62,0.95
Leverkusen,1,1.0,0.0,1799.7,1794.64,9.0,12.0,2022-08-06,43.0,19.0,9.0,15.0,1.72,1.47
Freiburg,0,3.0,1.0,1799.7,1718.67,9.0,7.0,2022-08-12,32.0,22.0,6.0,4.0,2.41,0.81
Werder Bremen,1,2.0,3.0,1816.11,1599.96,12.0,8.0,2022-08-20,41.0,24.0,7.0,10.0,1.85,1.2
Hertha,0,1.0,0.0,1816.11,1595.72,12.0,1.0,2022-08-27,38.0,20.0,9.0,9.0,1.63,0.95
Hoffenheim,1,1.0,0.0,1806.69,1688.0,12.0,9.0,2022-09-02,28.0,11.0,10.0,7.0,1.57,1.54
RB Leipzig,0,0.0,3.0,1806.69,1800.84,12.0,5.0,2022-09-10,12.0,6.0,2.0,4.0,1.83,1.5
Schalke 04,1,1.0,0.0,1791.14,1575.28,9.0,6.0,2022-09-17,42.0,12.0,15.0,15.0,1.45,1.38
FC Koln,0,2.0,3.0,1794.92,1691.55,9.0,6.0,2022-10-01,28.0,16.0,9.0,3.0,2.07,0.93
Bayern Munich,1,2.0,2.0,1794.92,1956.28,9.0,6.0,2022-10-08,43.0,10.0,9.0,24.0,1.12,2.26
Union Berlin,0,0.0,2.0,1801.83,1748.81,7.0,10.0,2022-10-16,6.0,4.0,0.0,2.0,2.67,1.17
Stuttgart,1,5.0,0.0,1801.83,1602.3,4.0,4.0,2022-10-22,39.0,20.0,9.0,10.0,1.87,1.28
Ein Frankfurt,0,2.0,1.0,1801.83,1724.22,7.0,12.0,2022-10-29,36.0,18.0,11.0,7.0,2.08,1.11
Bochum,1,3.0,0.0,1823.34,1586.29,7.0,6.0,2022-11-05,17.0,7.0,7.0,3.0,1.88,1.24
Wolfsburg,0,0.0,2.0,1823.34,1685.69,10.0,9.0,2022-11-08,44.0,27.0,9.0,8.0,2.23,1.11
MGladbach,0,2.0,4.0,1823.34,1715.03,9.0,4.0,2022-11-11,39.0,25.0,4.0,10.0,1.97,0.95
Augsburg,1,4.0,3.0,1801.28,1617.87,9.0,2.0,2023-01-22,22.0,13.0,6.0,3.0,2.45,1.27
Mainz,0,2.0,1.0,1801.28,1684.75,9.0,2.0,2023-01-25,32.0,19.0,8.0,5.0,1.72,0.88
Leverkusen,0,2.0,0.0,1801.28,1758.0,9.0,15.0,2023-01-29,44.0,20.0,9.0,15.0,1.7,1.43
Freiburg,1,5.0,1.0,1822.08,1769.52,9.0,7.0,2023-02-04,33.0,23.0,6.0,4.0,2.42,0.82
Werder Bremen,0,2.0,0.0,1822.08,1634.29,12.0,6.0,2023-02-11,42.0,24.0,7.0,11.0,1.86,1.24
Hertha,1,4.0,1.0,1840.11,1607.14,15.0,3.0,2023-02-19,39.0,21.0,9.0,9.0,1.62,0.92
Hoffenheim,0,1.0,0.0,1840.11,1635.36,15.0,1.0,2023-02-25,29.0,12.0,10.0,7.0,1.55,1.48
RB Leipzig,1,2.0,1.0,1856.03,1860.9,15.0,10.0,2023-03-03,13.0,6.0,2.0,5.0,1.69,1.62
Schalke 04,0,2.0,2.0,1856.03,1582.28,15.0,9.0,2023-03-11,43.0,13.0,15.0,15.0,1.44,1.35
FC Koln,1,6.0,1.0,1835.31,1651.18,13.0,4.0,2023-03-18,29.0,16.0,9.0,4.0,2.07,1.0
Bayern Munich,0,2.0,4.0,1828.53,1977.7,13.0,9.0,2023-04-01,44.0,10.0,10.0,24.0,1.14,2.25
Union Berlin,1,2.0,1.0,1828.53,1750.5,10.0,8.0,2023-04-08,7.0,4.0,0.0,3.0,2.29,1.29
Stuttgart,0,3.0,3.0,1825.11,1600.34,10.0,4.0,2023-04-15,40.0,21.0,9.0,10.0,1.95,1.25
Ein Frankfurt,1,4.0,0.0,1825.11,1728.52,8.0,3.0,2023-04-22,37.0,19.0,11.0,7.0,2.08,1.11
Bochum,0,1.0,1.0,1825.11,1590.2,10.0,5.0,2023-04-28,18.0,8.0,7.0,3.0,1.94,1.17
Wolfsburg,1,6.0,0.0,1827.62,1741.73,8.0,8.0,2023-05-07,45.0,27.0,9.0,9.0,2.18,1.13
MGladbach,1,5.0,2.0,1827.62,1675.98,11.0,7.0,2023-05-13,40.0,25.0,4.0,11.0,1.98,1.02
Augsburg,0,3.0,0.0,1841.74,1601.79,11.0,5.0,2023-05-21,23.0,14.0,6.0,3.0,2.52,1.35
Mainz,1,2.0,2.0,1841.74,1698.82,13.0,3.0,2023-05-27,33.0,20.0,8.0,5.0,1.73,0.88
FC Koln,1,1.0,0.0,1840.54,1664.45,11.0,7.0,2023-08-19,30.0,17.0,9.0,4.0,2.2,1.0
Bochum,0,1.0,1.0,1840.54,1608.66,13.0,7.0,2023-08-26,19.0,8.0,8.0,3.0,1.89,1.16
Heidenheim,1,2.0,2.0,1839.04,1556.53,11.0,6.0,2023-09-01,0.0,0.0,0.0,0.0,0.0,0.0
Freiburg,0,4.0,2.0,1831.42,1723.42,9.0,9.0,2023-09-16,34.0,24.0,6.0,4.0,2.5,0.82
Wolfsburg,1,1.0,0.0,1831.42,1711.89,9.0,9.0,2023-09-23,46.0,28.0,9.0,9.0,2.26,1.11
Hoffenheim,0,3.0,1.0,1831.42,1652.23,11.0,12.0,2023-09-29,30.0,13.0,10.0,7.0,1.53,1.43
Union Berlin,1,4.0,2.0,1845.56,1709.28,11.0,3.0,2023-10-07,8.0,5.0,0.0,3.0,2.25,1.25
Werder Bremen,1,1.0,0.0,1837.65,1581.18,13.0,6.0,2023-10-20,43.0,25.0,7.0,11.0,1.86,1.21
Ein Frankfurt,0,3.0,3.0,1837.65,1694.99,15.0,8.0,2023-10-29,38.0,20.0,11.0,7.0,2.13,1.08
Bayern Munich,1,0.0,4.0,1856.54,1963.99,13.0,13.0,2023-11-04,45.0,10.0,10.0,25.0,1.16,2.29
Stuttgart,0,1.0,2.0,1856.54,1704.15,10.0,9.0,2023-11-11,41.0,21.0,10.0,10.0,1.98,1.29
MGladbach,1,4.0,2.0,1852.62,1689.66,7.0,8.0,2023-11-25,41.0,26.0,4.0,11.0,2.05,1.05
Leverkusen,0,1.0,1.0,1870.36,1855.63,7.0,15.0,2023-12-03,45.0,21.0,9.0,15.0,1.71,1.4
RB Leipzig,1,2.0,3.0,1870.36,1840.77,5.0,9.0,2023-12-09,14.0,7.0,2.0,5.0,1.71,1.57
Augsburg,0,1.0,1.0,1851.9,1608.13,4.0,6.0,2023-12-16,24.0,15.0,6.0,3.0,2.54,1.29
Mainz,1,1.0,1.0,1851.9,1641.03,5.0,3.0,2023-12-19,34.0,20.0,9.0,5.0,1.74,0.91
Darmstadt,0,3.0,0.0,1840.45,1536.66,6.0,2.0,2024-01-13,4.0,2.0,1.0,1.0,2.75,1.0
FC Koln,0,4.0,0.0,1845.28,1612.8,6.0,5.0,2024-01-20,31.0,18.0,9.0,4.0,2.16,0.97
Bochum,1,3.0,1.0,1845.28,1615.08,8.0,7.0,2024-01-28,20.0,8.0,9.0,3.0,1.85,1.15
Heidenheim,0,0.0,0.0,1856.2,1601.17,11.0,9.0,2024-02-02,1.0,0.0,1.0,0.0,2.0,2.0
Freiburg,1,3.0,0.0,1856.2,1709.17,11.0,4.0,2024-02-09,35.0,25.0,6.0,4.0,2.54,0.86
Wolfsburg,0,1.0,1.0,1854.05,1659.84,13.0,4.0,2024-02-17,47.0,29.0,9.0,9.0,2.23,1.09
Hoffenheim,1,2.0,3.0,1854.05,1651.38,11.0,3.0,2024-02-25,31.0,14.0,10.0,7.0,1.58,1.42
Union Berlin,0,2.0,0.0,1840.24,1664.92,8.0,8.0,2024-03-02,9.0,6.0,0.0,3.0,2.44,1.33
Werder Bremen,0,2.0,1.0,1840.24,1646.31,8.0,7.0,2024-03-09,44.0,26.0,7.0,11.0,1.84,1.18
Ein Frankfurt,1,3.0,1.0,1863.6,1708.95,10.0,9.0,2024-03-17,39.0,20.0,12.0,7.0,2.15,1.13
Bayern Munich,0,2.0,0.0,1863.6,1936.07,10.0,10.0,2024-03-30,46.0,10.0,10.0,26.0,1.13,2.33
Stuttgart,1,0.0,1.0,1883.89,1759.98,12.0,11.0,2024-04-06,42.0,21.0,10.0,11.0,1.95,1.31
MGladbach,0,2.0,1.0,1883.89,1651.5,12.0,6.0,2024-04-13,42.0,27.0,4.0,11.0,2.1,1.07
Leverkusen,1,1.0,1.0,1873.96,1916.91,12.0,15.0,2024-04-21,46.0,21.0,10.0,15.0,1.7,1.39
RB Leipzig,0,1.0,4.0,1873.96,1838.1,10.0,13.0,2024-04-27,15.0,7.0,2.0,6.0,1.73,1.67
Augsburg,1,5.0,1.0,1879.29,1639.28,7.0,4.0,2024-05-04,25.0,15.0,7.0,3.0,2.48,1.28
Mainz,0,0.0,3.0,1879.29,1659.82,7.0,9.0,2024-05-11,35.0,20.0,10.0,5.0,1.71,0.91
Darmstadt,1,4.0,0.0,1882.78,1507.82,7.0,3.0,2024-05-18,5.0,3.0,1.0,1.0,2.8,0.8
Ein Frankfurt,1,2.0,0.0,1869.19,1696.99,7.0,5.0,2024-08-24,40.0,21.0,12.0,7.0,2.17,1.12
Werder Bremen,0,0.0,0.0,1869.19,1666.81,9.0,9.0,2024-08-31,45.0,27.0,7.0,11.0,1.84,1.18
Heidenheim,1,4.0,2.0,1870.38,1662.52,10.0,11.0,2024-09-13,2.0,0.0,2.0,0.0,1.0,1.0
Stuttgart,0,1.0,5.0,1874.08,1799.68,10.0,10.0,2024-09-22,43.0,21.0,10.0,12.0,1.91,1.3
Bochum,1,4.0,2.0,1874.08,1580.6,10.0,1.0,2024-09-27,21.0,9.0,9.0,3.0,1.9,1.14
Union Berlin,0,1.0,2.0,1872.05,1658.86,10.0,8.0,2024-10-05,10.0,7.0,0.0,3.0,2.4,1.2
St Pauli,1,2.0,1.0,1864.24,1591.98,7.0,4.0,2024-10-18,4.0,3.0,1.0,0.0,2.0,0.75
Augsburg,0,1.0,2.0,1864.24,1621.83,9.0,6.0,2024-10-26,26.0,16.0,7.0,3.0,2.58,1.27
RB Leipzig,1,2.0,1.0,1841.71,1843.91,6.0,13.0,2024-11-02,16.0,7.0,2.0,7.0,1.69,1.81
Mainz,0,1.0,3.0,1841.71,1678.66,9.0,5.0,2024-11-09,36.0,20.0,10.0,6.0,1.67,0.97
Freiburg,1,4.0,0.0,1828.54,1687.78,6.0,8.0,2024-11-23,36.0,26.0,6.0,4.0,2.56,0.83
Bayern Munich,1,1.0,1.0,1828.54,1912.21,9.0,15.0,2024-11-30,47.0,11.0,10.0,26.0,1.15,2.28
MGladbach,0,1.0,1.0,1835.77,1655.56,7.0,8.0,2024-12-07,43.0,28.0,4.0,11.0,2.09,1.07
Hoffenheim,1,1.0,1.0,1815.27,1617.26,8.0,5.0,2024-12-15,32.0,14.0,10.0,8.0,1.59,1.47
Wolfsburg,0,3.0,1.0,1815.27,1670.33,6.0,12.0,2024-12-22,48.0,29.0,10.0,9.0,2.21,1.08
Leverkusen,1,2.0,3.0,1815.07,1906.35,9.0,15.0,2025-01-10,47.0,21.0,11.0,15.0,1.68,1.38
Holstein Kiel,0,2.0,4.0,1815.07,1517.86,6.0,3.0,2025-01-14,0.0,0.0,0.0,0.0,0.0,0.0
Ein Frankfurt,0,0.0,2.0,1788.9,1733.56,5.0,7.0,2025-01-17,41.0,22.0,12.0,7.0,2.17,1.1
Werder Bremen,1,2.0,2.0,1788.9,1671.5,4.0,7.0,2025-01-25,46.0,27.0,8.0,11.0,1.8,1.15
Heidenheim,0,2.0,1.0,1759.67,1544.79,4.0,4.0,2025-02-01,3.0,1.0,2.0,0.0,2.0,1.33
Stuttgart,1,1.0,2.0,1759.67,1734.96,4.0,9.0,2025-02-08,44.0,21.0,10.0,13.0,1.89,1.39
Bochum,0,0.0,2.0,1781.31,1526.87,4.0,5.0,2025-02-15,22.0,10.0,9.0,3.0,2.0,1.18
Union Berlin,1,6.0,0.0,1781.31,1609.16,4.0,7.0,2025-02-22,11.0,7.0,0.0,4.0,2.27,1.27
St Pauli,0,2.0,0.0,1768.6,1566.74,7.0,4.0,2025-03-01,5.0,4.0,1.0,0.0,2.0,0.8
Augsburg,1,0.0,1.0,1768.6,1634.68,9.0,7.0,2025-03-08,27.0,16.0,7.0,4.0,2.52,1.3
RB Leipzig,0,0.0,2.0,1782.91,1734.13,6.0,6.0,2025-03-15,17.0,8.0,2.0,7.0,1.71,1.76
Mainz,1,3.0,1.0,1782.91,1738.87,6.0,13.0,2025-03-30,37.0,20.0,10.0,7.0,1.65,1.03
Freiburg,0,4.0,1.0,1779.86,1680.68,9.0,6.0,2025-04-05,37.0,27.0,6.0,4.0,2.59,0.81
Bayern Munich,0,2.0,2.0,1779.86,1922.66,9.0,10.0,2025-04-12,48.0,11.0,11.0,26.0,1.15,2.25
M'gladbach,1,3.0,2.0,1787.19,1664.32,7.0,7.0,2025-04-20,0.0,0.0,0.0,0.0,0.0,0.0
Hoffenheim,0,3.0,2.0,1787.19,1620.16,10.0,4.0,2025-04-26,33.0,14.0,11.0,8.0,1.58,1.45
Wolfsburg,1,4.0,0.0,1792.65,1646.01,13.0,1.0,2025-05-03,49.0,30.0,10.0,9.0,2.22,1.08
Leverkusen,0,4.0,2.0,1792.65,1871.15,13.0,9.0,2025-05-11,48.0,21.0,11.0,16.0,1.69,1.42
Holstein Kiel,1,3.0,0.0,1815.12,1540.36,13.0,7.0,2025-05-17,1.0,0.0,0.0,1.0,2.0,4.0
